#
# A fatal error has been detected by the Java Runtime Environment:
#
#  EXCEPTION_ACCESS_VIOLATION (0xc0000005) at pc=0x00007ffa923a04b8, pid=18756, tid=12724
#
# JRE version: OpenJDK Runtime Environment Temurin-17.0.19+10 (17.0.19+10) (build 17.0.19+10)
# Java VM: OpenJDK 64-Bit Server VM Temurin-17.0.19+10 (17.0.19+10, mixed mode, sharing, tiered, compressed oops, compressed class ptrs, g1 gc, windows-amd64)
# Problematic frame:
# V  [jvm.dll+0x3104b8]
#
# No core dump will be written. Minidumps are not enabled by default on client versions of Windows
#
# If you would like to submit a bug report, please visit:
#   https://github.com/adoptium/adoptium-support/issues
#

---------------  S U M M A R Y ------------

Command Line: --add-opens=java.base/java.lang=ALL-UNNAMED --add-opens=java.base/java.lang.invoke=ALL-UNNAMED --add-opens=java.base/java.util=ALL-UNNAMED --add-opens=java.prefs/java.util.prefs=ALL-UNNAMED --add-exports=jdk.compiler/com.sun.tools.javac.api=ALL-UNNAMED --add-exports=jdk.compiler/com.sun.tools.javac.util=ALL-UNNAMED --add-opens=java.base/java.util=ALL-UNNAMED --add-opens=java.prefs/java.util.prefs=ALL-UNNAMED --add-opens=java.base/java.nio.charset=ALL-UNNAMED --add-opens=java.base/java.net=ALL-UNNAMED --add-opens=java.base/java.util.concurrent.atomic=ALL-UNNAMED --add-opens=java.xml/javax.xml.namespace=ALL-UNNAMED -Xmx3072M -Dfile.encoding=UTF-8 -Duser.country=US -Duser.language=en -Duser.variant -javaagent:C:\Users\Mehrob\.gradle\wrapper\dists\gradle-8.14.3-bin\cv11ve7ro1n3o1j4so8xd9n66\gradle-8.14.3\lib\agents\gradle-instrumentation-agent-8.14.3.jar org.gradle.launcher.daemon.bootstrap.GradleDaemon 8.14.3

Host: Intel(R) Core(TM) i5-9400F CPU @ 2.90GHz, 6 cores, 15G,  Windows 10 , 64 bit Build 19041 (10.0.19041.3636)
Time: Wed Jun 17 12:29:17 2026 West Asia Standard Time elapsed time: 4994.847353 seconds (0d 1h 23m 14s)

---------------  T H R E A D  ---------------

Current thread (0x000001c39e0b7ae0):  GCTaskThread "GC Thread#1" [stack: 0x0000003df9500000,0x0000003df9600000] [id=12724]

Stack: [0x0000003df9500000,0x0000003df9600000],  sp=0x0000003df95ffb10,  free space=1022k
Native frames: (J=compiled Java code, j=interpreted, Vv=VM code, C=native code)
V  [jvm.dll+0x3104b8]
V  [jvm.dll+0x2f6f25]
V  [jvm.dll+0x2f528a]
V  [jvm.dll+0x2fb584]
V  [jvm.dll+0x2fb6cf]
V  [jvm.dll+0x2fad9f]
V  [jvm.dll+0x2fa5c6]
V  [jvm.dll+0x867fbb]
V  [jvm.dll+0x868006]
V  [jvm.dll+0x7eaf1c]
V  [jvm.dll+0x6839f7]
C  [ucrtbase.dll+0x21bb2]
C  [KERNEL32.DLL+0x17344]
C  [ntdll.dll+0x526b1]


siginfo: EXCEPTION_ACCESS_VIOLATION (0xc0000005), reading address 0x000001c446449034


Registers:
RAX=0x0000000000000001, RBX=0x000001c3a1700148, RCX=0x0000000000000000, RDX=0x000000076a248150
RSP=0x0000003df95ffb10, RBP=0x000000076a24804c, RSI=0x000001c3a16ffb00, RDI=0x0000000000000151
R8 =0x000001c44644902c, R9 =0x0000000000000000, R10=0x000001c359000000, R11=0x0000000000000001
R12=0x000001c35a2a6e48, R13=0x000000076a248030, R14=0x000001c3a16ffb00, R15=0x000001c3a17000b0
RIP=0x00007ffa923a04b8, EFLAGS=0x0000000000010202

XMM[0]=0x0000000000000000 0x000000076a1b2f28
XMM[1]=0x0000000000000000 0x0000000000000000
XMM[2]=0x0000000000000000 0x0000000000000000
XMM[3]=0x0000000000000000 0x0000000000000000
XMM[4]=0x0000000000000000 0x0000000000000000
XMM[5]=0x0000000000000000 0x0000000000000000
XMM[6]=0x0000000000000000 0x0000000000000000
XMM[7]=0x0000000000000000 0x0000000000000000
XMM[8]=0x0000000000000000 0x0000000000000000
XMM[9]=0x0000000000000000 0x0000000000000000
XMM[10]=0x0000000000000000 0x0000000000000000
XMM[11]=0x0000000000000000 0x0000000000000000
XMM[12]=0x0000000000000000 0x0000000000000000
XMM[13]=0x0000000000000000 0x0000000000000000
XMM[14]=0x0000000000000000 0x0000000000000000
XMM[15]=0x0000000000000000 0x0000000000000000
  MXCSR=0x00001fa0


Register to memory mapping:

RIP=0x00007ffa923a04b8 jvm.dll
RAX=0x0000000000000001 is an unknown value
RBX=0x000001c3a1700148 points into unknown readable memory: 0x000001c3a20a4070 | 70 40 0a a2 c3 01 00 00
RCX=0x0 is NULL
RDX=0x000000076a248150 is pointing into object: org.gradle.internal.operations.notify.BuildOperationNotificationBridge$Progress 
{0x000000076a248140} - klass: 'org/gradle/internal/operations/notify/BuildOperationNotificationBridge$Progress'
 - ---- fields (total size 4 words):
 - private final 'id' 'Lorg/gradle/internal/operations/OperationIdentifier;' @12  a 'org/gradle/internal/operations/OperationIdentifier'{0x00000007427e9f08} (e84fd3e1)
 - private final 'timestamp' 'J' @16  1781677203909 (d43ca1c5 19e)
 - private final 'details' 'Ljava/lang/Object;' @24  a 'org/gradle/internal/logging/events/StyledTextOutputEvent'{0x000000076a248160} (ed44902c)
RSP=0x0000003df95ffb10 points into unknown readable memory: 0x000001c3a16ffd98 | 98 fd 6f a1 c3 01 00 00
RBP=0x000000076a24804c is pointing into object: org.gradle.internal.operations.notify.BuildOperationNotificationBridge$Progress 
{0x000000076a248030} - klass: 'org/gradle/internal/operations/notify/BuildOperationNotificationBridge$Progress'
 - ---- fields (total size 4 words):
 - private final 'id' 'Lorg/gradle/internal/operations/OperationIdentifier;' @12  a 'org/gradle/internal/operations/OperationIdentifier'{0x00000007427e9f08} (e84fd3e1)
 - private final 'timestamp' 'J' @16  1781677203908 (d43ca1c4 19e)
 - private final 'details' 'Ljava/lang/Object;' @24  
[error occurred during error reporting (printing register info), id 0xc0000005, EXCEPTION_ACCESS_VIOLATION (0xc0000005) at pc=0x00007ffa92701683]

Top of Stack: (sp=0x0000003df95ffb10)
0x0000003df95ffb10:   000001c3a16ffd98 000001c3a16ffb00
0x0000003df95ffb20:   0000000000000102 0000000000000102
0x0000003df95ffb30:   000000076a248150 00007ffa92386f25
0x0000003df95ffb40:   0000019ed43ca1c5 0000003df95ffb40
0x0000003df95ffb50:   0000000000000102 00007ffb3c6b5c0d
0x0000003df95ffb60:   000001c35a2a6e40 00007ffa9238528a
0x0000003df95ffb70:   000001c3a16ffb00 000000076a248048
0x0000003df95ffb80:   000000076a248150 00007ffb3c6f38c7
0x0000003df95ffb90:   00007ffa92090000 0000000000000000
0x0000003df95ffba0:   0000000000000010 000000000000000c
0x0000003df95ffbb0:   000001c3a16ffb00 00007ffa9238b584
0x0000003df95ffbc0:   000000000000000c 000000076a248030
0x0000003df95ffbd0:   00000000000127c6 0000000764069fe0
0x0000003df95ffbe0:   0000000000000000 0000000764069fc8
0x0000003df95ffbf0:   0000000000000000 000001c3a16ffde0
0x0000003df95ffc00:   000001c3a16ffb00 00007ffa9238b6cf
0x0000003df95ffc10:   0000000000000001 00170b500000caf7
0x0000003df95ffc20:   000001c3a16ffde0 000000000000000c
0x0000003df95ffc30:   0000000000000000 0000000000000000
0x0000003df95ffc40:   000000000000000c 0000003df87ff638
0x0000003df95ffc50:   000001c3586c11b8 0000003df87ff650
0x0000003df95ffc60:   00007ffa92090000 0000000000000010
0x0000003df95ffc70:   000001c3a16ffb00 00007ffa9238ad9f
0x0000003df95ffc80:   0000000000000010 00029de200005367
0x0000003df95ffc90:   0000003df87fec90 00007ffa92090000
0x0000003df95ffca0:   0000000000000000 0000000000000000
0x0000003df95ffcb0:   0000000000000000 000001c3a16ffb00
0x0000003df95ffcc0:   00000000000003d8 000001c3586c11b8
0x0000003df95ffcd0:   000001c3586c0dd0 000001c3586c0de0
0x0000003df95ffce0:   0000003df87feb30 00007ffa9238a5c6
0x0000003df95ffcf0:   00000007609ac118 000001c3588d4d90
0x0000003df95ffd00:   0000003df87ff650 00007ffa929ed828 

Instructions: (pc=0x00007ffa923a04b8)
0x00007ffa923a03b8:   48 8b 5c 24 30 48 83 c4 20 5f c3 cc cc cc cc cc
0x00007ffa923a03c8:   cc cc cc cc cc cc cc cc 40 53 48 83 ec 30 33 c0
0x00007ffa923a03d8:   48 89 11 48 89 41 08 48 8b d9 48 89 41 18 48 89
0x00007ffa923a03e8:   41 20 44 89 41 10 41 8d 48 ff 8b c1 48 89 43 28
0x00007ffa923a03f8:   45 85 c0 74 05 41 85 c8 74 29 44 89 44 24 20 4c
0x00007ffa923a0408:   8d 0d 12 01 65 00 4c 8d 05 43 01 65 00 ba 28 00
0x00007ffa923a0418:   00 00 48 8d 0d 6f 01 65 00 e8 da 8a f3 ff e8 05
0x00007ffa923a0428:   42 37 00 8b 4b 10 45 33 c0 48 c1 e1 04 ba 05 00
0x00007ffa923a0438:   00 00 e8 31 77 d9 ff 48 89 43 08 48 8b c3 48 83
0x00007ffa923a0448:   c4 30 5b c3 cc cc cc cc 48 8b 49 08 e9 97 76 d9
0x00007ffa923a0458:   ff cc cc cc cc cc cc cc 48 89 5c 24 08 57 48 83
0x00007ffa923a0468:   ec 20 48 8b 05 67 46 8b 00 48 8b d9 48 8b fa 8b
0x00007ffa923a0478:   88 c0 01 00 00 4c 8b 80 b8 01 00 00 0f b6 05 aa
0x00007ffa923a0488:   d0 87 00 49 d3 e0 8b 0d ec d9 87 00 49 2b f8 48
0x00007ffa923a0498:   d3 ef 84 c0 74 16 44 8b 42 08 8b 0d 60 0e 81 00
0x00007ffa923a04a8:   49 d3 e0 4c 03 05 4e 0e 81 00 eb 04 4c 8b 42 08
0x00007ffa923a04b8:   45 8b 48 08 45 85 c9 7e 0c 41 f6 c1 01 75 55 41
0x00007ffa923a04c8:   c1 f9 03 eb 5e 79 4d 84 c0 41 b8 0c 00 00 00 8b
0x00007ffa923a04d8:   05 67 1d 81 00 b9 10 00 00 00 41 0f 45 c8 ff c8
0x00007ffa923a04e8:   4c 63 c0 41 8b c1 48 c1 f8 10 48 63 14 11 41 8b
0x00007ffa923a04f8:   c9 83 e1 3f 48 d3 e2 0f b6 c8 49 8d 04 10 49 f7
0x00007ffa923a0508:   d0 48 03 c8 4d 8b c8 49 c1 e9 03 48 c1 e9 03 44
0x00007ffa923a0518:   23 c9 eb 0f 49 8b 00 49 8b c8 ff 90 00 01 00 00
0x00007ffa923a0528:   44 8b c8 8b 53 28 8b c7 48 23 d0 48 c1 e2 04 48
0x00007ffa923a0538:   03 53 08 8b 02 3b c7 74 33 4c 8b 42 08 4d 85 c0
0x00007ffa923a0548:   74 0a 8b c8 48 8b 03 f0 4c 01 04 c8 48 c7 42 08
0x00007ffa923a0558:   00 00 00 00 89 3a 48 ff 43 20 49 63 c1 48 01 42
0x00007ffa923a0568:   08 48 8b 5c 24 30 48 83 c4 20 5f c3 48 ff 43 18
0x00007ffa923a0578:   48 8b 5c 24 30 49 63 c1 48 01 42 08 48 83 c4 20
0x00007ffa923a0588:   5f c3 cc cc cc cc cc cc 48 89 5c 24 08 33 db 4c
0x00007ffa923a0598:   8b da 4c 8b c9 44 8b c3 39 59 10 76 38 66 66 66
0x00007ffa923a05a8:   0f 1f 84 00 00 00 00 00 41 8b c0 48 c1 e0 04 49 


Stack slot to memory mapping:
stack at sp + 0 slots: 0x000001c3a16ffd98 points into unknown readable memory: 0x00007ffa929dd438 | 38 d4 9d 92 fa 7f 00 00
stack at sp + 1 slots: 0x000001c3a16ffb00 points into unknown readable memory: 0x0000003df87ff450 | 50 f4 7f f8 3d 00 00 00
stack at sp + 2 slots: 0x0000000000000102 is an unknown value
stack at sp + 3 slots: 0x0000000000000102 is an unknown value
stack at sp + 4 slots: 0x000000076a248150 is pointing into object: org.gradle.internal.operations.notify.BuildOperationNotificationBridge$Progress 
{0x000000076a248140} - klass: 'org/gradle/internal/operations/notify/BuildOperationNotificationBridge$Progress'
 - ---- fields (total size 4 words):
 - private final 'id' 'Lorg/gradle/internal/operations/OperationIdentifier;' @12  a 'org/gradle/internal/operations/OperationIdentifier'{0x00000007427e9f08} (e84fd3e1)
 - private final 'timestamp' 'J' @16  1781677203909 (d43ca1c5 19e)
 - private final 'details' 'Ljava/lang/Object;' @24  a 'org/gradle/internal/logging/events/StyledTextOutputEvent'{0x000000076a248160} (ed44902c)
stack at sp + 5 slots: 0x00007ffa92386f25 jvm.dll
stack at sp + 6 slots: 0x0000019ed43ca1c5 is an unknown value
stack at sp + 7 slots: 0x0000003df95ffb40 points into unknown readable memory: 0x0000019ed43ca1c5 | c5 a1 3c d4 9e 01 00 00


---------------  P R O C E S S  ---------------

Threads class SMR info:
_java_thread_list=0x000001c3a2cc2400, length=44, elements={
0x000001c335e6c920, 0x000001c3584cded0, 0x000001c3584cec60, 0x000001c3584e1ef0,
0x000001c3584e67e0, 0x000001c3584e7ee0, 0x000001c3584eb1e0, 0x000001c3584ec6a0,
0x000001c3584ee480, 0x000001c3584ef1a0, 0x000001c358732a30, 0x000001c3587da9b0,
0x000001c39ef010a0, 0x000001c39e58add0, 0x000001c39f8d5450, 0x000001c39f965900,
0x000001c39f964ee0, 0x000001c39f963aa0, 0x000001c39f963fb0, 0x000001c39f963590,
0x000001c39f9644c0, 0x000001c39f966320, 0x000001c39f966830, 0x000001c3a0c9b850,
0x000001c3a0c9e0d0, 0x000001c3a0c9b340, 0x000001c3a0c9fa20, 0x000001c3a0c9c270,
0x000001c3a0c9eaf0, 0x000001c3a0c9f000, 0x000001c3a0c9e5e0, 0x000001c3a0c9d6b0,
0x000001c3a0c9f510, 0x000001c3a0c9ff30, 0x000001c3a0ca0440, 0x000001c3a0c9cc90,
0x000001c3a0c9ae30, 0x000001c3a0c9d1a0, 0x000001c3a0c9c780, 0x000001c3a0ca0950,
0x000001c3a0ca0e60, 0x000001c3a0ca1370, 0x000001c3a0c99f00, 0x000001c3a0c9a410
}

Java Threads: ( => current thread )
  0x000001c335e6c920 JavaThread "main" [_thread_blocked, id=16772, stack(0x0000003df8100000,0x0000003df8200000)]
  0x000001c3584cded0 JavaThread "Reference Handler" daemon [_thread_blocked, id=2840, stack(0x0000003df8800000,0x0000003df8900000)]
  0x000001c3584cec60 JavaThread "Finalizer" daemon [_thread_blocked, id=9312, stack(0x0000003df8900000,0x0000003df8a00000)]
  0x000001c3584e1ef0 JavaThread "Signal Dispatcher" daemon [_thread_blocked, id=16952, stack(0x0000003df8a00000,0x0000003df8b00000)]
  0x000001c3584e67e0 JavaThread "Attach Listener" daemon [_thread_blocked, id=17868, stack(0x0000003df8b00000,0x0000003df8c00000)]
  0x000001c3584e7ee0 JavaThread "Service Thread" daemon [_thread_blocked, id=8700, stack(0x0000003df8c00000,0x0000003df8d00000)]
  0x000001c3584eb1e0 JavaThread "Monitor Deflation Thread" daemon [_thread_blocked, id=18280, stack(0x0000003df8d00000,0x0000003df8e00000)]
  0x000001c3584ec6a0 JavaThread "C2 CompilerThread0" daemon [_thread_blocked, id=2132, stack(0x0000003df8e00000,0x0000003df8f00000)]
  0x000001c3584ee480 JavaThread "C1 CompilerThread0" daemon [_thread_blocked, id=5516, stack(0x0000003df8f00000,0x0000003df9000000)]
  0x000001c3584ef1a0 JavaThread "Sweeper thread" daemon [_thread_blocked, id=6608, stack(0x0000003df9000000,0x0000003df9100000)]
  0x000001c358732a30 JavaThread "Common-Cleaner" daemon [_thread_blocked, id=14684, stack(0x0000003df9100000,0x0000003df9200000)]
  0x000001c3587da9b0 JavaThread "Notification Thread" daemon [_thread_blocked, id=19040, stack(0x0000003df9300000,0x0000003df9400000)]
  0x000001c39ef010a0 JavaThread "Incoming local TCP Connector on port 53685" [_thread_in_native, id=17856, stack(0x0000003df9a00000,0x0000003df9b00000)]
  0x000001c39e58add0 JavaThread "Daemon" [_thread_blocked, id=10412, stack(0x0000003df9c00000,0x0000003df9d00000)]
  0x000001c39f8d5450 JavaThread "Handler for socket connection from /127.0.0.1:53685 to /127.0.0.1:53686" [_thread_in_native, id=18984, stack(0x0000003df9d00000,0x0000003df9e00000)]
  0x000001c39f965900 JavaThread "Cancel handler" [_thread_blocked, id=8496, stack(0x0000003df9e00000,0x0000003df9f00000)]
  0x000001c39f964ee0 JavaThread "Daemon worker" [_thread_blocked, id=6184, stack(0x0000003df9f00000,0x0000003dfa000000)]
  0x000001c39f963aa0 JavaThread "Stdin handler" [_thread_blocked, id=19296, stack(0x0000003dfa100000,0x0000003dfa200000)]
  0x000001c39f963fb0 JavaThread "Cache worker for journal cache (C:\Users\Mehrob\.gradle\caches\journal-1)" [_thread_blocked, id=16152, stack(0x0000003dfa300000,0x0000003dfa400000)]
  0x000001c39f963590 JavaThread "File lock request listener" [_thread_in_native, id=1480, stack(0x0000003dfa400000,0x0000003dfa500000)]
  0x000001c39f9644c0 JavaThread "Cache worker for file hash cache (C:\Users\Mehrob\.gradle\caches\8.14.3\fileHashes)" [_thread_blocked, id=15940, stack(0x0000003dfa500000,0x0000003dfa600000)]
  0x000001c39f966320 JavaThread "Cache worker for file hash cache (C:\Users\Mehrob\IdeaProjects\Project_Market\desktop_app\.gradle\8.14.3\fileHashes)" [_thread_blocked, id=7760, stack(0x0000003dfa700000,0x0000003dfa800000)]
  0x000001c39f966830 JavaThread "Cache worker for checksums cache (C:\Users\Mehrob\IdeaProjects\Project_Market\desktop_app\.gradle\8.14.3\checksums)" [_thread_blocked, id=15124, stack(0x0000003dfa800000,0x0000003dfa900000)]
  0x000001c3a0c9b850 JavaThread "Cache worker for Build Output Cleanup Cache (C:\Users\Mehrob\IdeaProjects\Project_Market\desktop_app\.gradle\buildOutputCleanup)" [_thread_blocked, id=16808, stack(0x0000003dfaa00000,0x0000003dfab00000)]
  0x000001c3a0c9e0d0 JavaThread "Cache worker for file content cache (C:\Users\Mehrob\.gradle\caches\8.14.3\fileContent)" [_thread_blocked, id=13824, stack(0x0000003dfab00000,0x0000003dfac00000)]
  0x000001c3a0c9b340 JavaThread "File watcher server" daemon [_thread_blocked, id=6780, stack(0x0000003dfac00000,0x0000003dfad00000)]
  0x000001c3a0c9fa20 JavaThread "File watcher consumer" daemon [_thread_blocked, id=7744, stack(0x0000003dfad00000,0x0000003dfae00000)]
  0x000001c3a0c9c270 JavaThread "build event listener" [_thread_blocked, id=14224, stack(0x0000003dfb000000,0x0000003dfb100000)]
  0x000001c3a0c9eaf0 JavaThread "build event listener" [_thread_blocked, id=11544, stack(0x0000003dfb100000,0x0000003dfb200000)]
  0x000001c3a0c9f000 JavaThread "Build operations" [_thread_blocked, id=17660, stack(0x0000003dfb200000,0x0000003dfb300000)]
  0x000001c3a0c9e5e0 JavaThread "included builds" [_thread_blocked, id=16392, stack(0x0000003dfb300000,0x0000003dfb400000)]
  0x000001c3a0c9d6b0 JavaThread "Execution worker" [_thread_blocked, id=16720, stack(0x0000003dfb400000,0x0000003dfb500000)]
  0x000001c3a0c9f510 JavaThread "Execution worker Thread 2" [_thread_blocked, id=2144, stack(0x0000003dfb500000,0x0000003dfb600000)]
  0x000001c3a0c9ff30 JavaThread "Execution worker Thread 3" [_thread_blocked, id=6440, stack(0x0000003dfb600000,0x0000003dfb700000)]
  0x000001c3a0ca0440 JavaThread "Execution worker Thread 4" [_thread_blocked, id=12540, stack(0x0000003dfb700000,0x0000003dfb800000)]
  0x000001c3a0c9cc90 JavaThread "Execution worker Thread 5" [_thread_blocked, id=18988, stack(0x0000003dfb800000,0x0000003dfb900000)]
  0x000001c3a0c9ae30 JavaThread "Cache worker for execution history cache (C:\Users\Mehrob\IdeaProjects\Project_Market\desktop_app\.gradle\8.14.3\executionHistory)" [_thread_blocked, id=9232, stack(0x0000003dfb900000,0x0000003dfba00000)]
  0x000001c3a0c9d1a0 JavaThread "Unconstrained build operations" [_thread_blocked, id=16460, stack(0x0000003dfba00000,0x0000003dfbb00000)]
  0x000001c3a0c9c780 JavaThread "Unconstrained build operations Thread 2" [_thread_blocked, id=17076, stack(0x0000003dfbb00000,0x0000003dfbc00000)]
  0x000001c3a0ca0950 JavaThread "Unconstrained build operations Thread 3" [_thread_blocked, id=13856, stack(0x0000003dfbc00000,0x0000003dfbd00000)]
  0x000001c3a0ca0e60 JavaThread "Unconstrained build operations Thread 4" [_thread_blocked, id=16584, stack(0x0000003dfbd00000,0x0000003dfbe00000)]
  0x000001c3a0ca1370 JavaThread "Unconstrained build operations Thread 5" [_thread_blocked, id=8232, stack(0x0000003dfbe00000,0x0000003dfbf00000)]
  0x000001c3a0c99f00 JavaThread "Exec process" [_thread_in_native, id=10516, stack(0x0000003dfbf00000,0x0000003dfc000000)]
  0x000001c3a0c9a410 JavaThread "Exec process Thread 2" [_thread_in_native, id=7508, stack(0x0000003dfc000000,0x0000003dfc100000)]

Other Threads:
  0x000001c3584c9060 VMThread "VM Thread" [stack: 0x0000003df8700000,0x0000003df8800000] [id=13112]
  0x000001c335e6d7f0 WatcherThread [stack: 0x0000003df9400000,0x0000003df9500000] [id=10372]
  0x000001c335ec5430 GCTaskThread "GC Thread#0" [stack: 0x0000003df8200000,0x0000003df8300000] [id=17532]
=>0x000001c39e0b7ae0 GCTaskThread "GC Thread#1" [stack: 0x0000003df9500000,0x0000003df9600000] [id=12724]
  0x000001c3587ddeb0 GCTaskThread "GC Thread#2" [stack: 0x0000003df9600000,0x0000003df9700000] [id=12536]
  0x000001c358951ff0 GCTaskThread "GC Thread#3" [stack: 0x0000003df9700000,0x0000003df9800000] [id=9752]
  0x000001c3588f2fc0 GCTaskThread "GC Thread#4" [stack: 0x0000003df9800000,0x0000003df9900000] [id=13700]
  0x000001c3588f3280 GCTaskThread "GC Thread#5" [stack: 0x0000003df9900000,0x0000003df9a00000] [id=3208]
  0x000001c335ed2290 ConcurrentGCThread "G1 Main Marker" [stack: 0x0000003df8300000,0x0000003df8400000] [id=14708]
  0x000001c335ed3360 ConcurrentGCThread "G1 Conc#0" [stack: 0x0000003df8400000,0x0000003df8500000] [id=12012]
  0x000001c3588f4b40 ConcurrentGCThread "G1 Conc#1" [stack: 0x0000003dfa900000,0x0000003dfaa00000] [id=18260]
  0x000001c335f1db90 ConcurrentGCThread "G1 Refine#0" [stack: 0x0000003df8500000,0x0000003df8600000] [id=12136]
  0x000001c39ec22030 ConcurrentGCThread "G1 Refine#1" [stack: 0x0000003dfae00000,0x0000003dfaf00000] [id=11916]
  0x000001c39ec21d40 ConcurrentGCThread "G1 Refine#2" [stack: 0x0000003df7e00000,0x0000003df7f00000] [id=13436]
  0x000001c3a25aebc0 ConcurrentGCThread "G1 Refine#3" [stack: 0x0000003df7f00000,0x0000003df8000000] [id=19852]
  0x000001c39fdbd090 ConcurrentGCThread "G1 Refine#4" [stack: 0x0000003df8000000,0x0000003df8100000] [id=3300]
  0x000001c3a25ca970 ConcurrentGCThread "G1 Refine#5" [stack: 0x0000003dfa600000,0x0000003dfa700000] [id=19488]
  0x000001c335f1e4d0 ConcurrentGCThread "G1 Service" [stack: 0x0000003df8600000,0x0000003df8700000] [id=13936]

Threads with active compile tasks:

VM state: at safepoint (normal execution)

VM Mutex/Monitor currently owned by a thread:  ([mutex/lock_event])
[0x000001c335e675b0] Threads_lock - owner thread: 0x000001c3584c9060
[0x000001c335e67a30] Heap_lock - owner thread: 0x000001c335e6c920

OutOfMemory and StackOverflow Exception counts:
OutOfMemoryError java_heap_errors=57
LinkageErrors=124

Heap address: 0x0000000740000000, size: 3072 MB, Compressed Oops mode: Zero based, Oop shift amount: 3

CDS archive(s) mapped at: [0x000001c359000000-0x000001c359bb0000-0x000001c359bb0000), size 12255232, SharedBaseAddress: 0x000001c359000000, ArchiveRelocationMode: 1.
Compressed class space mapped at: 0x000001c35a000000-0x000001c39a000000, reserved size: 1073741824
Narrow klass base: 0x000001c359000000, Narrow klass shift: 0, Narrow klass range: 0x100000000

GC Precious Log:
 CPUs: 6 total, 6 available
 Memory: 16326M
 Large Page Support: Disabled
 NUMA Support: Disabled
 Compressed Oops: Enabled (Zero based)
 Heap Region Size: 2M
 Heap Min Capacity: 8M
 Heap Initial Capacity: 256M
 Heap Max Capacity: 3G
 Pre-touch: Disabled
 Parallel Workers: 6
 Concurrent Workers: 2
 Concurrent Refinement Workers: 6
 Periodic GC: Disabled

Heap:
 garbage-first heap   total 3145728K, used 3143830K [0x0000000740000000, 0x0000000800000000)
  region size 2048K, 0 young (0K), 0 survivors (0K)
 Metaspace       used 51437K, committed 52224K, reserved 1114112K
  class space    used 7297K, committed 7616K, reserved 1048576K

Heap Regions: E=young(eden), S=young(survivor), O=old, HS=humongous(starts), HC=humongous(continues), CS=collection set, F=free, OA=open archive, CA=closed archive, TAMS=top-at-mark-start (previous, next)
|   0|0x0000000740000000, 0x0000000740200000, 0x0000000740200000|100%|HS|  |TAMS 0x0000000740200000, 0x0000000740000000| Untracked 
|   1|0x0000000740200000, 0x0000000740400000, 0x0000000740400000|100%|HC|  |TAMS 0x0000000740400000, 0x0000000740200000| Untracked 
|   2|0x0000000740400000, 0x0000000740600000, 0x0000000740600000|100%| O|  |TAMS 0x0000000740400000, 0x0000000740400000| Untracked 
|   3|0x0000000740600000, 0x0000000740800000, 0x0000000740800000|100%| O|  |TAMS 0x0000000740600000, 0x0000000740600000| Untracked 
|   4|0x0000000740800000, 0x00000007409ffff8, 0x0000000740a00000| 99%| O|  |TAMS 0x0000000740800000, 0x0000000740800000| Untracked 
|   5|0x0000000740a00000, 0x0000000740c00000, 0x0000000740c00000|100%| O|  |TAMS 0x0000000740a00000, 0x0000000740a00000| Untracked 
|   6|0x0000000740c00000, 0x0000000740dffff0, 0x0000000740e00000| 99%| O|  |TAMS 0x0000000740c00000, 0x0000000740c00000| Untracked 
|   7|0x0000000740e00000, 0x0000000741000000, 0x0000000741000000|100%| O|  |TAMS 0x0000000740e00000, 0x0000000740e00000| Untracked 
|   8|0x0000000741000000, 0x0000000741200000, 0x0000000741200000|100%| O|  |TAMS 0x0000000741000000, 0x0000000741000000| Untracked 
|   9|0x0000000741200000, 0x00000007413ffff8, 0x0000000741400000| 99%| O|  |TAMS 0x0000000741200000, 0x0000000741200000| Untracked 
|  10|0x0000000741400000, 0x00000007415ffff8, 0x0000000741600000| 99%| O|  |TAMS 0x0000000741400000, 0x0000000741400000| Untracked 
|  11|0x0000000741600000, 0x0000000741800000, 0x0000000741800000|100%|HS|  |TAMS 0x0000000741800000, 0x0000000741600000| Untracked 
|  12|0x0000000741800000, 0x0000000741a00000, 0x0000000741a00000|100%|HS|  |TAMS 0x0000000741a00000, 0x0000000741800000| Untracked 
|  13|0x0000000741a00000, 0x0000000741c00000, 0x0000000741c00000|100%| O|  |TAMS 0x0000000741a00000, 0x0000000741a00000| Untracked 
|  14|0x0000000741c00000, 0x0000000741e00000, 0x0000000741e00000|100%| O|  |TAMS 0x0000000741c00000, 0x0000000741c00000| Untracked 
|  15|0x0000000741e00000, 0x0000000741fffff8, 0x0000000742000000| 99%| O|  |TAMS 0x0000000741e00000, 0x0000000741e00000| Untracked 
|  16|0x0000000742000000, 0x0000000742200000, 0x0000000742200000|100%| O|  |TAMS 0x0000000742000000, 0x0000000742000000| Untracked 
|  17|0x0000000742200000, 0x0000000742400000, 0x0000000742400000|100%| O|  |TAMS 0x0000000742200000, 0x0000000742200000| Untracked 
|  18|0x0000000742400000, 0x00000007425ffff8, 0x0000000742600000| 99%| O|  |TAMS 0x0000000742400000, 0x0000000742400000| Untracked 
|  19|0x0000000742600000, 0x0000000742800000, 0x0000000742800000|100%| O|  |TAMS 0x0000000742600000, 0x0000000742600000| Untracked 
|  20|0x0000000742800000, 0x00000007429ffff0, 0x0000000742a00000| 99%| O|  |TAMS 0x0000000742800000, 0x0000000742800000| Untracked 
|  21|0x0000000742a00000, 0x0000000742bfffe8, 0x0000000742c00000| 99%| O|  |TAMS 0x0000000742a00000, 0x0000000742a00000| Untracked 
|  22|0x0000000742c00000, 0x0000000742e00000, 0x0000000742e00000|100%| O|  |TAMS 0x0000000742c00000, 0x0000000742c00000| Untracked 
|  23|0x0000000742e00000, 0x0000000742fffff8, 0x0000000743000000| 99%| O|  |TAMS 0x0000000742e00000, 0x0000000742e00000| Untracked 
|  24|0x0000000743000000, 0x00000007431fffe0, 0x0000000743200000| 99%| O|  |TAMS 0x0000000743000000, 0x0000000743000000| Untracked 
|  25|0x0000000743200000, 0x00000007433ffff8, 0x0000000743400000| 99%| O|  |TAMS 0x0000000743200000, 0x0000000743200000| Untracked 
|  26|0x0000000743400000, 0x00000007435fffd8, 0x0000000743600000| 99%| O|  |TAMS 0x0000000743400000, 0x0000000743400000| Untracked 
|  27|0x0000000743600000, 0x00000007437ffff0, 0x0000000743800000| 99%| O|  |TAMS 0x0000000743600000, 0x0000000743600000| Untracked 
|  28|0x0000000743800000, 0x00000007439ffff0, 0x0000000743a00000| 99%| O|  |TAMS 0x0000000743800000, 0x0000000743800000| Untracked 
|  29|0x0000000743a00000, 0x0000000743c00000, 0x0000000743c00000|100%| O|  |TAMS 0x0000000743a00000, 0x0000000743a00000| Untracked 
|  30|0x0000000743c00000, 0x0000000743dffff8, 0x0000000743e00000| 99%| O|  |TAMS 0x0000000743c00000, 0x0000000743c00000| Untracked 
|  31|0x0000000743e00000, 0x0000000743fffff8, 0x0000000744000000| 99%| O|  |TAMS 0x0000000743e00000, 0x0000000743e00000| Untracked 
|  32|0x0000000744000000, 0x0000000744200000, 0x0000000744200000|100%| O|  |TAMS 0x0000000744000000, 0x0000000744000000| Untracked 
|  33|0x0000000744200000, 0x0000000744400000, 0x0000000744400000|100%| O|  |TAMS 0x0000000744200000, 0x0000000744200000| Untracked 
|  34|0x0000000744400000, 0x00000007445ffff8, 0x0000000744600000| 99%| O|  |TAMS 0x0000000744400000, 0x0000000744400000| Untracked 
|  35|0x0000000744600000, 0x00000007447fffe8, 0x0000000744800000| 99%| O|  |TAMS 0x0000000744600000, 0x0000000744600000| Untracked 
|  36|0x0000000744800000, 0x00000007449fffd8, 0x0000000744a00000| 99%| O|  |TAMS 0x0000000744800000, 0x0000000744800000| Untracked 
|  37|0x0000000744a00000, 0x0000000744c00000, 0x0000000744c00000|100%| O|  |TAMS 0x0000000744a00000, 0x0000000744a00000| Untracked 
|  38|0x0000000744c00000, 0x0000000744dffff8, 0x0000000744e00000| 99%| O|  |TAMS 0x0000000744c00000, 0x0000000744c00000| Untracked 
|  39|0x0000000744e00000, 0x0000000745000000, 0x0000000745000000|100%| O|  |TAMS 0x0000000744e00000, 0x0000000744e00000| Untracked 
|  40|0x0000000745000000, 0x00000007451ffff8, 0x0000000745200000| 99%| O|  |TAMS 0x0000000745000000, 0x0000000745000000| Untracked 
|  41|0x0000000745200000, 0x0000000745400000, 0x0000000745400000|100%| O|  |TAMS 0x0000000745200000, 0x0000000745200000| Untracked 
|  42|0x0000000745400000, 0x00000007455ffff8, 0x0000000745600000| 99%| O|  |TAMS 0x0000000745400000, 0x0000000745400000| Untracked 
|  43|0x0000000745600000, 0x00000007457ffff0, 0x0000000745800000| 99%| O|  |TAMS 0x0000000745600000, 0x0000000745600000| Untracked 
|  44|0x0000000745800000, 0x00000007459fffe8, 0x0000000745a00000| 99%| O|  |TAMS 0x0000000745800000, 0x0000000745800000| Untracked 
|  45|0x0000000745a00000, 0x0000000745bffff0, 0x0000000745c00000| 99%| O|  |TAMS 0x0000000745a00000, 0x0000000745a00000| Untracked 
|  46|0x0000000745c00000, 0x0000000745dffff8, 0x0000000745e00000| 99%| O|  |TAMS 0x0000000745c00000, 0x0000000745c00000| Untracked 
|  47|0x0000000745e00000, 0x0000000745fffff8, 0x0000000746000000| 99%| O|  |TAMS 0x0000000745e00000, 0x0000000745e00000| Untracked 
|  48|0x0000000746000000, 0x0000000746200000, 0x0000000746200000|100%| O|  |TAMS 0x0000000746000000, 0x0000000746000000| Untracked 
|  49|0x0000000746200000, 0x00000007463ffff0, 0x0000000746400000| 99%| O|  |TAMS 0x0000000746200000, 0x0000000746200000| Untracked 
|  50|0x0000000746400000, 0x00000007465ffff0, 0x0000000746600000| 99%| O|  |TAMS 0x0000000746400000, 0x0000000746400000| Untracked 
|  51|0x0000000746600000, 0x00000007467ffff8, 0x0000000746800000| 99%| O|  |TAMS 0x0000000746600000, 0x0000000746600000| Untracked 
|  52|0x0000000746800000, 0x00000007469ffff0, 0x0000000746a00000| 99%| O|  |TAMS 0x0000000746800000, 0x0000000746800000| Untracked 
|  53|0x0000000746a00000, 0x0000000746bfff90, 0x0000000746c00000| 99%| O|  |TAMS 0x0000000746a00000, 0x0000000746a00000| Untracked 
|  54|0x0000000746c00000, 0x0000000746dffff0, 0x0000000746e00000| 99%| O|  |TAMS 0x0000000746c00000, 0x0000000746c00000| Untracked 
|  55|0x0000000746e00000, 0x0000000746fffff0, 0x0000000747000000| 99%| O|  |TAMS 0x0000000746e00000, 0x0000000746e00000| Untracked 
|  56|0x0000000747000000, 0x00000007471ffff8, 0x0000000747200000| 99%| O|  |TAMS 0x0000000747000000, 0x0000000747000000| Untracked 
|  57|0x0000000747200000, 0x0000000747400000, 0x0000000747400000|100%| O|  |TAMS 0x0000000747200000, 0x0000000747200000| Untracked 
|  58|0x0000000747400000, 0x0000000747600000, 0x0000000747600000|100%| O|  |TAMS 0x0000000747400000, 0x0000000747400000| Untracked 
|  59|0x0000000747600000, 0x00000007477ffff8, 0x0000000747800000| 99%| O|  |TAMS 0x0000000747600000, 0x0000000747600000| Untracked 
|  60|0x0000000747800000, 0x00000007479ffff0, 0x0000000747a00000| 99%| O|  |TAMS 0x0000000747800000, 0x0000000747800000| Untracked 
|  61|0x0000000747a00000, 0x0000000747c00000, 0x0000000747c00000|100%| O|  |TAMS 0x0000000747a00000, 0x0000000747a00000| Untracked 
|  62|0x0000000747c00000, 0x0000000747dfffd0, 0x0000000747e00000| 99%| O|  |TAMS 0x0000000747c00000, 0x0000000747c00000| Untracked 
|  63|0x0000000747e00000, 0x0000000748000000, 0x0000000748000000|100%| O|  |TAMS 0x0000000747e00000, 0x0000000747e00000| Untracked 
|  64|0x0000000748000000, 0x0000000748200000, 0x0000000748200000|100%| O|  |TAMS 0x0000000748000000, 0x0000000748000000| Untracked 
|  65|0x0000000748200000, 0x0000000748400000, 0x0000000748400000|100%| O|  |TAMS 0x0000000748200000, 0x0000000748200000| Untracked 
|  66|0x0000000748400000, 0x0000000748600000, 0x0000000748600000|100%| O|  |TAMS 0x0000000748400000, 0x0000000748400000| Untracked 
|  67|0x0000000748600000, 0x0000000748800000, 0x0000000748800000|100%| O|  |TAMS 0x0000000748600000, 0x0000000748600000| Untracked 
|  68|0x0000000748800000, 0x00000007489fffe0, 0x0000000748a00000| 99%| O|  |TAMS 0x0000000748800000, 0x0000000748800000| Untracked 
|  69|0x0000000748a00000, 0x0000000748c00000, 0x0000000748c00000|100%| O|  |TAMS 0x0000000748a00000, 0x0000000748a00000| Untracked 
|  70|0x0000000748c00000, 0x0000000748e00000, 0x0000000748e00000|100%| O|  |TAMS 0x0000000748c00000, 0x0000000748c00000| Untracked 
|  71|0x0000000748e00000, 0x0000000748ffff80, 0x0000000749000000| 99%| O|  |TAMS 0x0000000748e00000, 0x0000000748e00000| Untracked 
|  72|0x0000000749000000, 0x00000007491fffd8, 0x0000000749200000| 99%| O|  |TAMS 0x0000000749000000, 0x0000000749000000| Untracked 
|  73|0x0000000749200000, 0x00000007493fffd8, 0x0000000749400000| 99%| O|  |TAMS 0x0000000749200000, 0x0000000749200000| Untracked 
|  74|0x0000000749400000, 0x00000007495ffff8, 0x0000000749600000| 99%| O|  |TAMS 0x0000000749400000, 0x0000000749400000| Untracked 
|  75|0x0000000749600000, 0x00000007497ffff0, 0x0000000749800000| 99%| O|  |TAMS 0x0000000749600000, 0x0000000749600000| Untracked 
|  76|0x0000000749800000, 0x00000007499ffff8, 0x0000000749a00000| 99%| O|  |TAMS 0x0000000749800000, 0x0000000749800000| Untracked 
|  77|0x0000000749a00000, 0x0000000749bffff8, 0x0000000749c00000| 99%| O|  |TAMS 0x0000000749a00000, 0x0000000749a00000| Untracked 
|  78|0x0000000749c00000, 0x0000000749dffff0, 0x0000000749e00000| 99%| O|  |TAMS 0x0000000749c00000, 0x0000000749c00000| Untracked 
|  79|0x0000000749e00000, 0x0000000749fffff8, 0x000000074a000000| 99%| O|  |TAMS 0x0000000749e00000, 0x0000000749e00000| Untracked 
|  80|0x000000074a000000, 0x000000074a1ffff8, 0x000000074a200000| 99%| O|  |TAMS 0x000000074a000000, 0x000000074a000000| Untracked 
|  81|0x000000074a200000, 0x000000074a3fffc8, 0x000000074a400000| 99%| O|  |TAMS 0x000000074a200000, 0x000000074a200000| Untracked 
|  82|0x000000074a400000, 0x000000074a5ffff8, 0x000000074a600000| 99%| O|  |TAMS 0x000000074a400000, 0x000000074a400000| Untracked 
|  83|0x000000074a600000, 0x000000074a7fffe8, 0x000000074a800000| 99%| O|  |TAMS 0x000000074a600000, 0x000000074a600000| Untracked 
|  84|0x000000074a800000, 0x000000074a9fffe0, 0x000000074aa00000| 99%| O|  |TAMS 0x000000074a800000, 0x000000074a800000| Untracked 
|  85|0x000000074aa00000, 0x000000074abfffe0, 0x000000074ac00000| 99%| O|  |TAMS 0x000000074aa00000, 0x000000074aa00000| Untracked 
|  86|0x000000074ac00000, 0x000000074adffff0, 0x000000074ae00000| 99%| O|  |TAMS 0x000000074ac00000, 0x000000074ac00000| Untracked 
|  87|0x000000074ae00000, 0x000000074afffff0, 0x000000074b000000| 99%| O|  |TAMS 0x000000074ae00000, 0x000000074ae00000| Untracked 
|  88|0x000000074b000000, 0x000000074b1ffff8, 0x000000074b200000| 99%| O|  |TAMS 0x000000074b000000, 0x000000074b000000| Untracked 
|  89|0x000000074b200000, 0x000000074b3ffff0, 0x000000074b400000| 99%| O|  |TAMS 0x000000074b200000, 0x000000074b200000| Untracked 
|  90|0x000000074b400000, 0x000000074b600000, 0x000000074b600000|100%| O|  |TAMS 0x000000074b400000, 0x000000074b400000| Untracked 
|  91|0x000000074b600000, 0x000000074b7fffb8, 0x000000074b800000| 99%| O|  |TAMS 0x000000074b600000, 0x000000074b600000| Untracked 
|  92|0x000000074b800000, 0x000000074b9fffd0, 0x000000074ba00000| 99%| O|  |TAMS 0x000000074b800000, 0x000000074b800000| Untracked 
|  93|0x000000074ba00000, 0x000000074bbfff80, 0x000000074bc00000| 99%| O|  |TAMS 0x000000074ba00000, 0x000000074ba00000| Untracked 
|  94|0x000000074bc00000, 0x000000074bdfff80, 0x000000074be00000| 99%| O|  |TAMS 0x000000074bc00000, 0x000000074bc00000| Untracked 
|  95|0x000000074be00000, 0x000000074c000000, 0x000000074c000000|100%| O|  |TAMS 0x000000074be00000, 0x000000074be00000| Untracked 
|  96|0x000000074c000000, 0x000000074c1fffe8, 0x000000074c200000| 99%| O|  |TAMS 0x000000074c000000, 0x000000074c000000| Untracked 
|  97|0x000000074c200000, 0x000000074c3ffff0, 0x000000074c400000| 99%| O|  |TAMS 0x000000074c200000, 0x000000074c200000| Untracked 
|  98|0x000000074c400000, 0x000000074c5fff78, 0x000000074c600000| 99%| O|  |TAMS 0x000000074c400000, 0x000000074c400000| Untracked 
|  99|0x000000074c600000, 0x000000074c7fff70, 0x000000074c800000| 99%| O|  |TAMS 0x000000074c600000, 0x000000074c600000| Untracked 
| 100|0x000000074c800000, 0x000000074c9ffff0, 0x000000074ca00000| 99%| O|  |TAMS 0x000000074c800000, 0x000000074c800000| Untracked 
| 101|0x000000074ca00000, 0x000000074cc00000, 0x000000074cc00000|100%| O|  |TAMS 0x000000074ca00000, 0x000000074ca00000| Untracked 
| 102|0x000000074cc00000, 0x000000074cdffff8, 0x000000074ce00000| 99%| O|  |TAMS 0x000000074cc00000, 0x000000074cc00000| Untracked 
| 103|0x000000074ce00000, 0x000000074cffffe8, 0x000000074d000000| 99%| O|  |TAMS 0x000000074ce00000, 0x000000074ce00000| Untracked 
| 104|0x000000074d000000, 0x000000074d1fffe0, 0x000000074d200000| 99%| O|  |TAMS 0x000000074d000000, 0x000000074d000000| Untracked 
| 105|0x000000074d200000, 0x000000074d3ffff8, 0x000000074d400000| 99%| O|  |TAMS 0x000000074d200000, 0x000000074d200000| Untracked 
| 106|0x000000074d400000, 0x000000074d5fffd8, 0x000000074d600000| 99%| O|  |TAMS 0x000000074d400000, 0x000000074d400000| Untracked 
| 107|0x000000074d600000, 0x000000074d800000, 0x000000074d800000|100%| O|  |TAMS 0x000000074d600000, 0x000000074d600000| Untracked 
| 108|0x000000074d800000, 0x000000074da00000, 0x000000074da00000|100%| O|  |TAMS 0x000000074d800000, 0x000000074d800000| Untracked 
| 109|0x000000074da00000, 0x000000074dbffff8, 0x000000074dc00000| 99%| O|  |TAMS 0x000000074da00000, 0x000000074da00000| Untracked 
| 110|0x000000074dc00000, 0x000000074de00000, 0x000000074de00000|100%| O|  |TAMS 0x000000074dc00000, 0x000000074dc00000| Untracked 
| 111|0x000000074de00000, 0x000000074dfffff8, 0x000000074e000000| 99%| O|  |TAMS 0x000000074de00000, 0x000000074de00000| Untracked 
| 112|0x000000074e000000, 0x000000074e1ffff8, 0x000000074e200000| 99%| O|  |TAMS 0x000000074e000000, 0x000000074e000000| Untracked 
| 113|0x000000074e200000, 0x000000074e400000, 0x000000074e400000|100%| O|  |TAMS 0x000000074e200000, 0x000000074e200000| Untracked 
| 114|0x000000074e400000, 0x000000074e5ffff8, 0x000000074e600000| 99%| O|  |TAMS 0x000000074e400000, 0x000000074e400000| Untracked 
| 115|0x000000074e600000, 0x000000074e800000, 0x000000074e800000|100%| O|  |TAMS 0x000000074e600000, 0x000000074e600000| Untracked 
| 116|0x000000074e800000, 0x000000074e9ffff0, 0x000000074ea00000| 99%| O|  |TAMS 0x000000074e800000, 0x000000074e800000| Untracked 
| 117|0x000000074ea00000, 0x000000074ebffff8, 0x000000074ec00000| 99%| O|  |TAMS 0x000000074ea00000, 0x000000074ea00000| Untracked 
| 118|0x000000074ec00000, 0x000000074edffff0, 0x000000074ee00000| 99%| O|  |TAMS 0x000000074ec00000, 0x000000074ec00000| Untracked 
| 119|0x000000074ee00000, 0x000000074effffe0, 0x000000074f000000| 99%| O|  |TAMS 0x000000074ee00000, 0x000000074ee00000| Untracked 
| 120|0x000000074f000000, 0x000000074f1ffff8, 0x000000074f200000| 99%| O|  |TAMS 0x000000074f000000, 0x000000074f000000| Untracked 
| 121|0x000000074f200000, 0x000000074f3ffff0, 0x000000074f400000| 99%| O|  |TAMS 0x000000074f200000, 0x000000074f200000| Untracked 
| 122|0x000000074f400000, 0x000000074f5ffff8, 0x000000074f600000| 99%| O|  |TAMS 0x000000074f400000, 0x000000074f400000| Untracked 
| 123|0x000000074f600000, 0x000000074f800000, 0x000000074f800000|100%| O|  |TAMS 0x000000074f600000, 0x000000074f600000| Untracked 
| 124|0x000000074f800000, 0x000000074fa00000, 0x000000074fa00000|100%| O|  |TAMS 0x000000074f800000, 0x000000074f800000| Untracked 
| 125|0x000000074fa00000, 0x000000074fbffff8, 0x000000074fc00000| 99%| O|  |TAMS 0x000000074fa00000, 0x000000074fa00000| Untracked 
| 126|0x000000074fc00000, 0x000000074fdffff8, 0x000000074fe00000| 99%| O|  |TAMS 0x000000074fc00000, 0x000000074fc00000| Untracked 
| 127|0x000000074fe00000, 0x0000000750000000, 0x0000000750000000|100%| O|  |TAMS 0x000000074fe00000, 0x000000074fe00000| Untracked 
| 128|0x0000000750000000, 0x00000007501ffff0, 0x0000000750200000| 99%| O|  |TAMS 0x0000000750000000, 0x0000000750000000| Untracked 
| 129|0x0000000750200000, 0x00000007503fffe8, 0x0000000750400000| 99%| O|  |TAMS 0x0000000750200000, 0x0000000750200000| Untracked 
| 130|0x0000000750400000, 0x0000000750600000, 0x0000000750600000|100%| O|  |TAMS 0x0000000750400000, 0x0000000750400000| Untracked 
| 131|0x0000000750600000, 0x00000007507ffff0, 0x0000000750800000| 99%| O|  |TAMS 0x0000000750600000, 0x0000000750600000| Untracked 
| 132|0x0000000750800000, 0x00000007509ffff8, 0x0000000750a00000| 99%| O|  |TAMS 0x0000000750800000, 0x0000000750800000| Untracked 
| 133|0x0000000750a00000, 0x0000000750bffff8, 0x0000000750c00000| 99%| O|  |TAMS 0x0000000750a00000, 0x0000000750a00000| Untracked 
| 134|0x0000000750c00000, 0x0000000750e00000, 0x0000000750e00000|100%| O|  |TAMS 0x0000000750c00000, 0x0000000750c00000| Untracked 
| 135|0x0000000750e00000, 0x0000000750fffff8, 0x0000000751000000| 99%| O|  |TAMS 0x0000000750e00000, 0x0000000750e00000| Untracked 
| 136|0x0000000751000000, 0x00000007511ffff0, 0x0000000751200000| 99%| O|  |TAMS 0x0000000751000000, 0x0000000751000000| Untracked 
| 137|0x0000000751200000, 0x0000000751400000, 0x0000000751400000|100%| O|  |TAMS 0x0000000751200000, 0x0000000751200000| Untracked 
| 138|0x0000000751400000, 0x00000007515ffff0, 0x0000000751600000| 99%| O|  |TAMS 0x0000000751400000, 0x0000000751400000| Untracked 
| 139|0x0000000751600000, 0x00000007517ffff8, 0x0000000751800000| 99%| O|  |TAMS 0x0000000751600000, 0x0000000751600000| Untracked 
| 140|0x0000000751800000, 0x00000007519ffff8, 0x0000000751a00000| 99%| O|  |TAMS 0x0000000751800000, 0x0000000751800000| Untracked 
| 141|0x0000000751a00000, 0x0000000751bffff0, 0x0000000751c00000| 99%| O|  |TAMS 0x0000000751a00000, 0x0000000751a00000| Untracked 
| 142|0x0000000751c00000, 0x0000000751dffff8, 0x0000000751e00000| 99%| O|  |TAMS 0x0000000751c00000, 0x0000000751c00000| Untracked 
| 143|0x0000000751e00000, 0x0000000751fffff0, 0x0000000752000000| 99%| O|  |TAMS 0x0000000751e00000, 0x0000000751e00000| Untracked 
| 144|0x0000000752000000, 0x0000000752200000, 0x0000000752200000|100%| O|  |TAMS 0x0000000752000000, 0x0000000752000000| Untracked 
| 145|0x0000000752200000, 0x0000000752400000, 0x0000000752400000|100%| O|  |TAMS 0x0000000752200000, 0x0000000752200000| Untracked 
| 146|0x0000000752400000, 0x00000007525fffe8, 0x0000000752600000| 99%| O|  |TAMS 0x0000000752400000, 0x0000000752400000| Untracked 
| 147|0x0000000752600000, 0x0000000752800000, 0x0000000752800000|100%| O|  |TAMS 0x0000000752600000, 0x0000000752600000| Untracked 
| 148|0x0000000752800000, 0x0000000752a00000, 0x0000000752a00000|100%| O|  |TAMS 0x0000000752800000, 0x0000000752800000| Untracked 
| 149|0x0000000752a00000, 0x0000000752c00000, 0x0000000752c00000|100%| O|  |TAMS 0x0000000752a00000, 0x0000000752a00000| Untracked 
| 150|0x0000000752c00000, 0x0000000752dffff8, 0x0000000752e00000| 99%| O|  |TAMS 0x0000000752c00000, 0x0000000752c00000| Untracked 
| 151|0x0000000752e00000, 0x0000000752fffff0, 0x0000000753000000| 99%| O|  |TAMS 0x0000000752e00000, 0x0000000752e00000| Untracked 
| 152|0x0000000753000000, 0x00000007531ffff0, 0x0000000753200000| 99%| O|  |TAMS 0x0000000753000000, 0x0000000753000000| Untracked 
| 153|0x0000000753200000, 0x0000000753400000, 0x0000000753400000|100%| O|  |TAMS 0x0000000753200000, 0x0000000753200000| Untracked 
| 154|0x0000000753400000, 0x00000007535fffb0, 0x0000000753600000| 99%| O|  |TAMS 0x0000000753400000, 0x0000000753400000| Untracked 
| 155|0x0000000753600000, 0x00000007537fffc0, 0x0000000753800000| 99%| O|  |TAMS 0x0000000753600000, 0x0000000753600000| Untracked 
| 156|0x0000000753800000, 0x00000007539fffc0, 0x0000000753a00000| 99%| O|  |TAMS 0x0000000753800000, 0x0000000753800000| Untracked 
| 157|0x0000000753a00000, 0x0000000753bffff8, 0x0000000753c00000| 99%| O|  |TAMS 0x0000000753a00000, 0x0000000753a00000| Untracked 
| 158|0x0000000753c00000, 0x0000000753dfffc8, 0x0000000753e00000| 99%| O|  |TAMS 0x0000000753c00000, 0x0000000753c00000| Untracked 
| 159|0x0000000753e00000, 0x0000000754000000, 0x0000000754000000|100%| O|  |TAMS 0x0000000753e00000, 0x0000000753e00000| Untracked 
| 160|0x0000000754000000, 0x00000007541ffff8, 0x0000000754200000| 99%| O|  |TAMS 0x0000000754000000, 0x0000000754000000| Untracked 
| 161|0x0000000754200000, 0x00000007543ffff8, 0x0000000754400000| 99%| O|  |TAMS 0x0000000754200000, 0x0000000754200000| Untracked 
| 162|0x0000000754400000, 0x00000007545fffe0, 0x0000000754600000| 99%| O|  |TAMS 0x0000000754400000, 0x0000000754400000| Untracked 
| 163|0x0000000754600000, 0x0000000754800000, 0x0000000754800000|100%| O|  |TAMS 0x0000000754600000, 0x0000000754600000| Untracked 
| 164|0x0000000754800000, 0x00000007549ffff0, 0x0000000754a00000| 99%| O|  |TAMS 0x0000000754800000, 0x0000000754800000| Untracked 
| 165|0x0000000754a00000, 0x0000000754bffff0, 0x0000000754c00000| 99%| O|  |TAMS 0x0000000754a00000, 0x0000000754a00000| Untracked 
| 166|0x0000000754c00000, 0x0000000754dffff0, 0x0000000754e00000| 99%| O|  |TAMS 0x0000000754c00000, 0x0000000754c00000| Untracked 
| 167|0x0000000754e00000, 0x0000000754fffff8, 0x0000000755000000| 99%| O|  |TAMS 0x0000000754e00000, 0x0000000754e00000| Untracked 
| 168|0x0000000755000000, 0x0000000755200000, 0x0000000755200000|100%| O|  |TAMS 0x0000000755000000, 0x0000000755000000| Untracked 
| 169|0x0000000755200000, 0x00000007553ffff8, 0x0000000755400000| 99%| O|  |TAMS 0x0000000755200000, 0x0000000755200000| Untracked 
| 170|0x0000000755400000, 0x00000007555fffc8, 0x0000000755600000| 99%| O|  |TAMS 0x0000000755400000, 0x0000000755400000| Untracked 
| 171|0x0000000755600000, 0x00000007557ffff0, 0x0000000755800000| 99%| O|  |TAMS 0x0000000755600000, 0x0000000755600000| Untracked 
| 172|0x0000000755800000, 0x00000007559ffff0, 0x0000000755a00000| 99%| O|  |TAMS 0x0000000755800000, 0x0000000755800000| Untracked 
| 173|0x0000000755a00000, 0x0000000755bffff0, 0x0000000755c00000| 99%| O|  |TAMS 0x0000000755a00000, 0x0000000755a00000| Untracked 
| 174|0x0000000755c00000, 0x0000000755dfff90, 0x0000000755e00000| 99%| O|  |TAMS 0x0000000755c00000, 0x0000000755c00000| Untracked 
| 175|0x0000000755e00000, 0x0000000755ffffe8, 0x0000000756000000| 99%| O|  |TAMS 0x0000000755e00000, 0x0000000755e00000| Untracked 
| 176|0x0000000756000000, 0x0000000756200000, 0x0000000756200000|100%| O|  |TAMS 0x0000000756000000, 0x0000000756000000| Untracked 
| 177|0x0000000756200000, 0x00000007563ffff8, 0x0000000756400000| 99%| O|  |TAMS 0x0000000756200000, 0x0000000756200000| Untracked 
| 178|0x0000000756400000, 0x00000007565ffff0, 0x0000000756600000| 99%| O|  |TAMS 0x0000000756400000, 0x0000000756400000| Untracked 
| 179|0x0000000756600000, 0x00000007567ffff8, 0x0000000756800000| 99%| O|  |TAMS 0x0000000756600000, 0x0000000756600000| Untracked 
| 180|0x0000000756800000, 0x00000007569ffff0, 0x0000000756a00000| 99%| O|  |TAMS 0x0000000756800000, 0x0000000756800000| Untracked 
| 181|0x0000000756a00000, 0x0000000756bffff8, 0x0000000756c00000| 99%| O|  |TAMS 0x0000000756a00000, 0x0000000756a00000| Untracked 
| 182|0x0000000756c00000, 0x0000000756dffff8, 0x0000000756e00000| 99%| O|  |TAMS 0x0000000756c00000, 0x0000000756c00000| Untracked 
| 183|0x0000000756e00000, 0x0000000757000000, 0x0000000757000000|100%| O|  |TAMS 0x0000000756e00000, 0x0000000756e00000| Untracked 
| 184|0x0000000757000000, 0x00000007571fffc0, 0x0000000757200000| 99%| O|  |TAMS 0x0000000757000000, 0x0000000757000000| Untracked 
| 185|0x0000000757200000, 0x00000007573ffff0, 0x0000000757400000| 99%| O|  |TAMS 0x0000000757200000, 0x0000000757200000| Untracked 
| 186|0x0000000757400000, 0x00000007575ffff8, 0x0000000757600000| 99%| O|  |TAMS 0x0000000757400000, 0x0000000757400000| Untracked 
| 187|0x0000000757600000, 0x0000000757800000, 0x0000000757800000|100%| O|  |TAMS 0x0000000757600000, 0x0000000757600000| Untracked 
| 188|0x0000000757800000, 0x0000000757a00000, 0x0000000757a00000|100%| O|  |TAMS 0x0000000757800000, 0x0000000757800000| Untracked 
| 189|0x0000000757a00000, 0x0000000757bffff8, 0x0000000757c00000| 99%| O|  |TAMS 0x0000000757a00000, 0x0000000757a00000| Untracked 
| 190|0x0000000757c00000, 0x0000000757e00000, 0x0000000757e00000|100%| O|  |TAMS 0x0000000757c00000, 0x0000000757c00000| Untracked 
| 191|0x0000000757e00000, 0x0000000758000000, 0x0000000758000000|100%| O|  |TAMS 0x0000000757e00000, 0x0000000757e00000| Untracked 
| 192|0x0000000758000000, 0x0000000758200000, 0x0000000758200000|100%| O|  |TAMS 0x0000000758000000, 0x0000000758000000| Untracked 
| 193|0x0000000758200000, 0x00000007583ffff8, 0x0000000758400000| 99%| O|  |TAMS 0x0000000758200000, 0x0000000758200000| Untracked 
| 194|0x0000000758400000, 0x00000007585fffe0, 0x0000000758600000| 99%| O|  |TAMS 0x0000000758400000, 0x0000000758400000| Untracked 
| 195|0x0000000758600000, 0x00000007587fffa8, 0x0000000758800000| 99%| O|  |TAMS 0x0000000758600000, 0x0000000758600000| Untracked 
| 196|0x0000000758800000, 0x00000007589ffff8, 0x0000000758a00000| 99%| O|  |TAMS 0x0000000758800000, 0x0000000758800000| Untracked 
| 197|0x0000000758a00000, 0x0000000758bffff0, 0x0000000758c00000| 99%| O|  |TAMS 0x0000000758a00000, 0x0000000758a00000| Untracked 
| 198|0x0000000758c00000, 0x0000000758dfff98, 0x0000000758e00000| 99%| O|  |TAMS 0x0000000758c00000, 0x0000000758c00000| Untracked 
| 199|0x0000000758e00000, 0x0000000759000000, 0x0000000759000000|100%| O|  |TAMS 0x0000000758e00000, 0x0000000758e00000| Untracked 
| 200|0x0000000759000000, 0x00000007591ffff0, 0x0000000759200000| 99%| O|  |TAMS 0x0000000759000000, 0x0000000759000000| Untracked 
| 201|0x0000000759200000, 0x00000007593ffff0, 0x0000000759400000| 99%| O|  |TAMS 0x0000000759200000, 0x0000000759200000| Untracked 
| 202|0x0000000759400000, 0x0000000759600000, 0x0000000759600000|100%| O|  |TAMS 0x0000000759400000, 0x0000000759400000| Untracked 
| 203|0x0000000759600000, 0x00000007597ffff8, 0x0000000759800000| 99%| O|  |TAMS 0x0000000759600000, 0x0000000759600000| Untracked 
| 204|0x0000000759800000, 0x00000007599fffc8, 0x0000000759a00000| 99%| O|  |TAMS 0x0000000759800000, 0x0000000759800000| Untracked 
| 205|0x0000000759a00000, 0x0000000759c00000, 0x0000000759c00000|100%| O|  |TAMS 0x0000000759a00000, 0x0000000759a00000| Untracked 
| 206|0x0000000759c00000, 0x0000000759e00000, 0x0000000759e00000|100%| O|  |TAMS 0x0000000759c00000, 0x0000000759c00000| Untracked 
| 207|0x0000000759e00000, 0x0000000759fffff0, 0x000000075a000000| 99%| O|  |TAMS 0x0000000759e00000, 0x0000000759e00000| Untracked 
| 208|0x000000075a000000, 0x000000075a1ffff0, 0x000000075a200000| 99%| O|  |TAMS 0x000000075a000000, 0x000000075a000000| Untracked 
| 209|0x000000075a200000, 0x000000075a3ffff0, 0x000000075a400000| 99%| O|  |TAMS 0x000000075a200000, 0x000000075a200000| Untracked 
| 210|0x000000075a400000, 0x000000075a5ffff0, 0x000000075a600000| 99%| O|  |TAMS 0x000000075a400000, 0x000000075a400000| Untracked 
| 211|0x000000075a600000, 0x000000075a7fffe8, 0x000000075a800000| 99%| O|  |TAMS 0x000000075a600000, 0x000000075a600000| Untracked 
| 212|0x000000075a800000, 0x000000075a9ffff0, 0x000000075aa00000| 99%| O|  |TAMS 0x000000075a800000, 0x000000075a800000| Untracked 
| 213|0x000000075aa00000, 0x000000075abfff78, 0x000000075ac00000| 99%| O|  |TAMS 0x000000075aa00000, 0x000000075aa00000| Untracked 
| 214|0x000000075ac00000, 0x000000075ae00000, 0x000000075ae00000|100%| O|  |TAMS 0x000000075ac00000, 0x000000075ac00000| Untracked 
| 215|0x000000075ae00000, 0x000000075afffff8, 0x000000075b000000| 99%| O|  |TAMS 0x000000075ae00000, 0x000000075ae00000| Untracked 
| 216|0x000000075b000000, 0x000000075b1ffff8, 0x000000075b200000| 99%| O|  |TAMS 0x000000075b000000, 0x000000075b000000| Untracked 
| 217|0x000000075b200000, 0x000000075b400000, 0x000000075b400000|100%| O|  |TAMS 0x000000075b200000, 0x000000075b200000| Untracked 
| 218|0x000000075b400000, 0x000000075b5fffe8, 0x000000075b600000| 99%| O|  |TAMS 0x000000075b400000, 0x000000075b400000| Untracked 
| 219|0x000000075b600000, 0x000000075b7fffc0, 0x000000075b800000| 99%| O|  |TAMS 0x000000075b600000, 0x000000075b600000| Untracked 
| 220|0x000000075b800000, 0x000000075b9fffe8, 0x000000075ba00000| 99%| O|  |TAMS 0x000000075b800000, 0x000000075b800000| Untracked 
| 221|0x000000075ba00000, 0x000000075bbfff88, 0x000000075bc00000| 99%| O|  |TAMS 0x000000075ba00000, 0x000000075ba00000| Untracked 
| 222|0x000000075bc00000, 0x000000075bdffff8, 0x000000075be00000| 99%| O|  |TAMS 0x000000075bc00000, 0x000000075bc00000| Untracked 
| 223|0x000000075be00000, 0x000000075c000000, 0x000000075c000000|100%| O|  |TAMS 0x000000075be00000, 0x000000075be00000| Untracked 
| 224|0x000000075c000000, 0x000000075c1fffa0, 0x000000075c200000| 99%| O|  |TAMS 0x000000075c000000, 0x000000075c000000| Untracked 
| 225|0x000000075c200000, 0x000000075c400000, 0x000000075c400000|100%| O|  |TAMS 0x000000075c200000, 0x000000075c200000| Untracked 
| 226|0x000000075c400000, 0x000000075c5fffd0, 0x000000075c600000| 99%| O|  |TAMS 0x000000075c400000, 0x000000075c400000| Untracked 
| 227|0x000000075c600000, 0x000000075c800000, 0x000000075c800000|100%| O|  |TAMS 0x000000075c600000, 0x000000075c600000| Untracked 
| 228|0x000000075c800000, 0x000000075c9fffe0, 0x000000075ca00000| 99%| O|  |TAMS 0x000000075c800000, 0x000000075c800000| Untracked 
| 229|0x000000075ca00000, 0x000000075cc00000, 0x000000075cc00000|100%| O|  |TAMS 0x000000075ca00000, 0x000000075ca00000| Untracked 
| 230|0x000000075cc00000, 0x000000075cdffff8, 0x000000075ce00000| 99%| O|  |TAMS 0x000000075cc00000, 0x000000075cc00000| Untracked 
| 231|0x000000075ce00000, 0x000000075cfffff8, 0x000000075d000000| 99%| O|  |TAMS 0x000000075ce00000, 0x000000075ce00000| Untracked 
| 232|0x000000075d000000, 0x000000075d1ffff0, 0x000000075d200000| 99%| O|  |TAMS 0x000000075d000000, 0x000000075d000000| Untracked 
| 233|0x000000075d200000, 0x000000075d400000, 0x000000075d400000|100%| O|  |TAMS 0x000000075d200000, 0x000000075d200000| Untracked 
| 234|0x000000075d400000, 0x000000075d5ffff0, 0x000000075d600000| 99%| O|  |TAMS 0x000000075d400000, 0x000000075d400000| Untracked 
| 235|0x000000075d600000, 0x000000075d800000, 0x000000075d800000|100%| O|  |TAMS 0x000000075d600000, 0x000000075d600000| Untracked 
| 236|0x000000075d800000, 0x000000075d9ffff0, 0x000000075da00000| 99%| O|  |TAMS 0x000000075d800000, 0x000000075d800000| Untracked 
| 237|0x000000075da00000, 0x000000075dc00000, 0x000000075dc00000|100%| O|  |TAMS 0x000000075da00000, 0x000000075da00000| Untracked 
| 238|0x000000075dc00000, 0x000000075ddfffd0, 0x000000075de00000| 99%| O|  |TAMS 0x000000075dc00000, 0x000000075dc00000| Untracked 
| 239|0x000000075de00000, 0x000000075dffffd0, 0x000000075e000000| 99%| O|  |TAMS 0x000000075de00000, 0x000000075de00000| Untracked 
| 240|0x000000075e000000, 0x000000075e1fff98, 0x000000075e200000| 99%| O|  |TAMS 0x000000075e000000, 0x000000075e000000| Untracked 
| 241|0x000000075e200000, 0x000000075e3ffff0, 0x000000075e400000| 99%| O|  |TAMS 0x000000075e200000, 0x000000075e200000| Untracked 
| 242|0x000000075e400000, 0x000000075e600000, 0x000000075e600000|100%| O|  |TAMS 0x000000075e400000, 0x000000075e400000| Untracked 
| 243|0x000000075e600000, 0x000000075e800000, 0x000000075e800000|100%| O|  |TAMS 0x000000075e600000, 0x000000075e600000| Untracked 
| 244|0x000000075e800000, 0x000000075e9fffe8, 0x000000075ea00000| 99%| O|  |TAMS 0x000000075e800000, 0x000000075e800000| Untracked 
| 245|0x000000075ea00000, 0x000000075ebffff8, 0x000000075ec00000| 99%| O|  |TAMS 0x000000075ea00000, 0x000000075ea00000| Untracked 
| 246|0x000000075ec00000, 0x000000075edffff8, 0x000000075ee00000| 99%| O|  |TAMS 0x000000075ec00000, 0x000000075ec00000| Untracked 
| 247|0x000000075ee00000, 0x000000075f000000, 0x000000075f000000|100%| O|  |TAMS 0x000000075ee00000, 0x000000075ee00000| Untracked 
| 248|0x000000075f000000, 0x000000075f1ffff0, 0x000000075f200000| 99%| O|  |TAMS 0x000000075f000000, 0x000000075f000000| Untracked 
| 249|0x000000075f200000, 0x000000075f3fffe8, 0x000000075f400000| 99%| O|  |TAMS 0x000000075f200000, 0x000000075f200000| Untracked 
| 250|0x000000075f400000, 0x000000075f600000, 0x000000075f600000|100%| O|  |TAMS 0x000000075f400000, 0x000000075f400000| Untracked 
| 251|0x000000075f600000, 0x000000075f7ffff0, 0x000000075f800000| 99%| O|  |TAMS 0x000000075f600000, 0x000000075f600000| Untracked 
| 252|0x000000075f800000, 0x000000075f9ffff8, 0x000000075fa00000| 99%| O|  |TAMS 0x000000075f800000, 0x000000075f800000| Untracked 
| 253|0x000000075fa00000, 0x000000075fbffff8, 0x000000075fc00000| 99%| O|  |TAMS 0x000000075fa00000, 0x000000075fa00000| Untracked 
| 254|0x000000075fc00000, 0x000000075fe00000, 0x000000075fe00000|100%| O|  |TAMS 0x000000075fc00000, 0x000000075fc00000| Untracked 
| 255|0x000000075fe00000, 0x000000075ffffff0, 0x0000000760000000| 99%| O|  |TAMS 0x000000075fe00000, 0x000000075fe00000| Untracked 
| 256|0x0000000760000000, 0x00000007601fffc0, 0x0000000760200000| 99%| O|  |TAMS 0x0000000760000000, 0x0000000760000000| Untracked 
| 257|0x0000000760200000, 0x00000007603ffff0, 0x0000000760400000| 99%| O|  |TAMS 0x0000000760200000, 0x0000000760200000| Untracked 
| 258|0x0000000760400000, 0x00000007605ffff0, 0x0000000760600000| 99%| O|  |TAMS 0x0000000760400000, 0x0000000760400000| Untracked 
| 259|0x0000000760600000, 0x00000007607ffff8, 0x0000000760800000| 99%| O|  |TAMS 0x0000000760600000, 0x0000000760600000| Untracked 
| 260|0x0000000760800000, 0x0000000760a00000, 0x0000000760a00000|100%| O|  |TAMS 0x0000000760800000, 0x0000000760800000| Untracked 
| 261|0x0000000760a00000, 0x0000000760c00000, 0x0000000760c00000|100%| O|  |TAMS 0x0000000760a00000, 0x0000000760a00000| Untracked 
| 262|0x0000000760c00000, 0x0000000760dffff8, 0x0000000760e00000| 99%| O|  |TAMS 0x0000000760c00000, 0x0000000760c00000| Untracked 
| 263|0x0000000760e00000, 0x0000000760fffff0, 0x0000000761000000| 99%| O|  |TAMS 0x0000000760e00000, 0x0000000760e00000| Untracked 
| 264|0x0000000761000000, 0x0000000761200000, 0x0000000761200000|100%| O|  |TAMS 0x0000000761000000, 0x0000000761000000| Untracked 
| 265|0x0000000761200000, 0x00000007613fffe8, 0x0000000761400000| 99%| O|  |TAMS 0x0000000761200000, 0x0000000761200000| Untracked 
| 266|0x0000000761400000, 0x00000007615ffff8, 0x0000000761600000| 99%| O|  |TAMS 0x0000000761400000, 0x0000000761400000| Untracked 
| 267|0x0000000761600000, 0x00000007617ffff8, 0x0000000761800000| 99%| O|  |TAMS 0x0000000761600000, 0x0000000761600000| Untracked 
| 268|0x0000000761800000, 0x0000000761a00000, 0x0000000761a00000|100%| O|  |TAMS 0x0000000761800000, 0x0000000761800000| Untracked 
| 269|0x0000000761a00000, 0x0000000761bffff0, 0x0000000761c00000| 99%| O|  |TAMS 0x0000000761a00000, 0x0000000761a00000| Untracked 
| 270|0x0000000761c00000, 0x0000000761dfffe8, 0x0000000761e00000| 99%| O|  |TAMS 0x0000000761c00000, 0x0000000761c00000| Untracked 
| 271|0x0000000761e00000, 0x0000000761ffffe8, 0x0000000762000000| 99%| O|  |TAMS 0x0000000761e00000, 0x0000000761e00000| Untracked 
| 272|0x0000000762000000, 0x0000000762200000, 0x0000000762200000|100%| O|  |TAMS 0x0000000762000000, 0x0000000762000000| Untracked 
| 273|0x0000000762200000, 0x00000007623fff80, 0x0000000762400000| 99%| O|  |TAMS 0x0000000762200000, 0x0000000762200000| Untracked 
| 274|0x0000000762400000, 0x0000000762600000, 0x0000000762600000|100%| O|  |TAMS 0x0000000762400000, 0x0000000762400000| Untracked 
| 275|0x0000000762600000, 0x00000007627ffff0, 0x0000000762800000| 99%| O|  |TAMS 0x0000000762600000, 0x0000000762600000| Untracked 
| 276|0x0000000762800000, 0x00000007629ffff8, 0x0000000762a00000| 99%| O|  |TAMS 0x0000000762800000, 0x0000000762800000| Untracked 
| 277|0x0000000762a00000, 0x0000000762bffff8, 0x0000000762c00000| 99%| O|  |TAMS 0x0000000762a00000, 0x0000000762a00000| Untracked 
| 278|0x0000000762c00000, 0x0000000762dfffb8, 0x0000000762e00000| 99%| O|  |TAMS 0x0000000762c00000, 0x0000000762c00000| Untracked 
| 279|0x0000000762e00000, 0x0000000763000000, 0x0000000763000000|100%| O|  |TAMS 0x0000000762e00000, 0x0000000762e00000| Untracked 
| 280|0x0000000763000000, 0x00000007631ffff8, 0x0000000763200000| 99%| O|  |TAMS 0x0000000763000000, 0x0000000763000000| Untracked 
| 281|0x0000000763200000, 0x00000007633ffff8, 0x0000000763400000| 99%| O|  |TAMS 0x0000000763200000, 0x0000000763200000| Untracked 
| 282|0x0000000763400000, 0x00000007635ffff0, 0x0000000763600000| 99%| O|  |TAMS 0x0000000763400000, 0x0000000763400000| Untracked 
| 283|0x0000000763600000, 0x0000000763800000, 0x0000000763800000|100%| O|  |TAMS 0x0000000763600000, 0x0000000763600000| Untracked 
| 284|0x0000000763800000, 0x00000007639ffff0, 0x0000000763a00000| 99%| O|  |TAMS 0x0000000763800000, 0x0000000763800000| Untracked 
| 285|0x0000000763a00000, 0x0000000763bfffd8, 0x0000000763c00000| 99%| O|  |TAMS 0x0000000763a00000, 0x0000000763a00000| Untracked 
| 286|0x0000000763c00000, 0x0000000763e00000, 0x0000000763e00000|100%| O|  |TAMS 0x0000000763c00000, 0x0000000763c00000| Untracked 
| 287|0x0000000763e00000, 0x0000000763fffff8, 0x0000000764000000| 99%| O|  |TAMS 0x0000000763e00000, 0x0000000763e00000| Untracked 
| 288|0x0000000764000000, 0x00000007641fffc0, 0x0000000764200000| 99%| O|  |TAMS 0x0000000764000000, 0x0000000764000000| Untracked 
| 289|0x0000000764200000, 0x0000000764400000, 0x0000000764400000|100%| O|  |TAMS 0x0000000764200000, 0x0000000764200000| Untracked 
| 290|0x0000000764400000, 0x00000007645ffff0, 0x0000000764600000| 99%| O|  |TAMS 0x0000000764400000, 0x0000000764400000| Untracked 
| 291|0x0000000764600000, 0x00000007647ffff0, 0x0000000764800000| 99%| O|  |TAMS 0x0000000764600000, 0x0000000764600000| Untracked 
| 292|0x0000000764800000, 0x00000007649ffff0, 0x0000000764a00000| 99%| O|  |TAMS 0x0000000764800000, 0x0000000764800000| Untracked 
| 293|0x0000000764a00000, 0x0000000764bffff8, 0x0000000764c00000| 99%| O|  |TAMS 0x0000000764a00000, 0x0000000764a00000| Untracked 
| 294|0x0000000764c00000, 0x0000000764e00000, 0x0000000764e00000|100%| O|  |TAMS 0x0000000764c00000, 0x0000000764c00000| Untracked 
| 295|0x0000000764e00000, 0x0000000764fffff8, 0x0000000765000000| 99%| O|  |TAMS 0x0000000764e00000, 0x0000000764e00000| Untracked 
| 296|0x0000000765000000, 0x00000007651ffff8, 0x0000000765200000| 99%| O|  |TAMS 0x0000000765000000, 0x0000000765000000| Untracked 
| 297|0x0000000765200000, 0x00000007653ffff0, 0x0000000765400000| 99%| O|  |TAMS 0x0000000765200000, 0x0000000765200000| Untracked 
| 298|0x0000000765400000, 0x0000000765600000, 0x0000000765600000|100%| O|  |TAMS 0x0000000765400000, 0x0000000765400000| Untracked 
| 299|0x0000000765600000, 0x0000000765800000, 0x0000000765800000|100%| O|  |TAMS 0x0000000765600000, 0x0000000765600000| Untracked 
| 300|0x0000000765800000, 0x00000007659fffc8, 0x0000000765a00000| 99%| O|  |TAMS 0x0000000765800000, 0x0000000765800000| Untracked 
| 301|0x0000000765a00000, 0x0000000765bfffe8, 0x0000000765c00000| 99%| O|  |TAMS 0x0000000765a00000, 0x0000000765a00000| Untracked 
| 302|0x0000000765c00000, 0x0000000765dfffb8, 0x0000000765e00000| 99%| O|  |TAMS 0x0000000765c00000, 0x0000000765c00000| Untracked 
| 303|0x0000000765e00000, 0x0000000765fffff8, 0x0000000766000000| 99%| O|  |TAMS 0x0000000765e00000, 0x0000000765e00000| Untracked 
| 304|0x0000000766000000, 0x00000007661fffe8, 0x0000000766200000| 99%| O|  |TAMS 0x0000000766000000, 0x0000000766000000| Untracked 
| 305|0x0000000766200000, 0x0000000766400000, 0x0000000766400000|100%| O|  |TAMS 0x0000000766200000, 0x0000000766200000| Untracked 
| 306|0x0000000766400000, 0x00000007665ffff0, 0x0000000766600000| 99%| O|  |TAMS 0x0000000766400000, 0x0000000766400000| Untracked 
| 307|0x0000000766600000, 0x0000000766800000, 0x0000000766800000|100%| O|  |TAMS 0x0000000766600000, 0x0000000766600000| Untracked 
| 308|0x0000000766800000, 0x0000000766a00000, 0x0000000766a00000|100%| O|  |TAMS 0x0000000766800000, 0x0000000766800000| Untracked 
| 309|0x0000000766a00000, 0x0000000766c00000, 0x0000000766c00000|100%| O|  |TAMS 0x0000000766a00000, 0x0000000766a00000| Untracked 
| 310|0x0000000766c00000, 0x0000000766e00000, 0x0000000766e00000|100%| O|  |TAMS 0x0000000766c00000, 0x0000000766c00000| Untracked 
| 311|0x0000000766e00000, 0x0000000767000000, 0x0000000767000000|100%| O|  |TAMS 0x0000000766e00000, 0x0000000766e00000| Untracked 
| 312|0x0000000767000000, 0x0000000767200000, 0x0000000767200000|100%| O|  |TAMS 0x0000000767000000, 0x0000000767000000| Untracked 
| 313|0x0000000767200000, 0x0000000767400000, 0x0000000767400000|100%| O|  |TAMS 0x0000000767200000, 0x0000000767200000| Untracked 
| 314|0x0000000767400000, 0x00000007675ffff0, 0x0000000767600000| 99%| O|  |TAMS 0x0000000767400000, 0x0000000767400000| Untracked 
| 315|0x0000000767600000, 0x00000007677ffff8, 0x0000000767800000| 99%| O|  |TAMS 0x0000000767600000, 0x0000000767600000| Untracked 
| 316|0x0000000767800000, 0x00000007679fff78, 0x0000000767a00000| 99%| O|  |TAMS 0x0000000767800000, 0x0000000767800000| Untracked 
| 317|0x0000000767a00000, 0x0000000767bffff8, 0x0000000767c00000| 99%| O|  |TAMS 0x0000000767a00000, 0x0000000767a00000| Untracked 
| 318|0x0000000767c00000, 0x0000000767dffff8, 0x0000000767e00000| 99%| O|  |TAMS 0x0000000767c00000, 0x0000000767c00000| Untracked 
| 319|0x0000000767e00000, 0x0000000767fffff0, 0x0000000768000000| 99%| O|  |TAMS 0x0000000767e00000, 0x0000000767e00000| Untracked 
| 320|0x0000000768000000, 0x00000007681ffff0, 0x0000000768200000| 99%| O|  |TAMS 0x0000000768000000, 0x0000000768000000| Untracked 
| 321|0x0000000768200000, 0x00000007683fffe0, 0x0000000768400000| 99%| O|  |TAMS 0x0000000768200000, 0x0000000768200000| Untracked 
| 322|0x0000000768400000, 0x00000007685fff80, 0x0000000768600000| 99%| O|  |TAMS 0x0000000768400000, 0x0000000768400000| Untracked 
| 323|0x0000000768600000, 0x00000007687fffe0, 0x0000000768800000| 99%| O|  |TAMS 0x0000000768600000, 0x0000000768600000| Untracked 
| 324|0x0000000768800000, 0x0000000768a00000, 0x0000000768a00000|100%| O|  |TAMS 0x0000000768800000, 0x0000000768800000| Untracked 
| 325|0x0000000768a00000, 0x0000000768bffff0, 0x0000000768c00000| 99%| O|  |TAMS 0x0000000768a00000, 0x0000000768a00000| Untracked 
| 326|0x0000000768c00000, 0x0000000768dffff0, 0x0000000768e00000| 99%| O|  |TAMS 0x0000000768c00000, 0x0000000768c00000| Untracked 
| 327|0x0000000768e00000, 0x0000000768ffffe8, 0x0000000769000000| 99%| O|  |TAMS 0x0000000768e00000, 0x0000000768e00000| Untracked 
| 328|0x0000000769000000, 0x00000007691ffff8, 0x0000000769200000| 99%| O|  |TAMS 0x0000000769000000, 0x0000000769000000| Untracked 
| 329|0x0000000769200000, 0x00000007693fffc0, 0x0000000769400000| 99%| O|  |TAMS 0x0000000769200000, 0x0000000769200000| Untracked 
| 330|0x0000000769400000, 0x0000000769600000, 0x0000000769600000|100%| O|  |TAMS 0x0000000769400000, 0x0000000769400000| Untracked 
| 331|0x0000000769600000, 0x00000007697ffff0, 0x0000000769800000| 99%| O|  |TAMS 0x0000000769600000, 0x0000000769600000| Untracked 
| 332|0x0000000769800000, 0x00000007699ffff0, 0x0000000769a00000| 99%| O|  |TAMS 0x0000000769800000, 0x0000000769800000| Untracked 
| 333|0x0000000769a00000, 0x0000000769bfffb0, 0x0000000769c00000| 99%| O|  |TAMS 0x0000000769a00000, 0x0000000769a00000| Untracked 
| 334|0x0000000769c00000, 0x0000000769dfffa8, 0x0000000769e00000| 99%| O|  |TAMS 0x0000000769c00000, 0x0000000769c00000| Untracked 
| 335|0x0000000769e00000, 0x0000000769ffff98, 0x000000076a000000| 99%| O|  |TAMS 0x0000000769e00000, 0x0000000769e00000| Untracked 
| 336|0x000000076a000000, 0x000000076a1fffc0, 0x000000076a200000| 99%| O|  |TAMS 0x000000076a000000, 0x000000076a000000| Untracked 
| 337|0x000000076a200000, 0x000000076a400000, 0x000000076a400000|100%| O|  |TAMS 0x000000076a200000, 0x000000076a200000| Untracked 
| 338|0x000000076a400000, 0x000000076a600000, 0x000000076a600000|100%| O|  |TAMS 0x000000076a400000, 0x000000076a400000| Untracked 
| 339|0x000000076a600000, 0x000000076a7ffff8, 0x000000076a800000| 99%| O|  |TAMS 0x000000076a600000, 0x000000076a600000| Untracked 
| 340|0x000000076a800000, 0x000000076a9fffe8, 0x000000076aa00000| 99%| O|  |TAMS 0x000000076a800000, 0x000000076a800000| Untracked 
| 341|0x000000076aa00000, 0x000000076abfffb8, 0x000000076ac00000| 99%| O|  |TAMS 0x000000076aa00000, 0x000000076aa00000| Untracked 
| 342|0x000000076ac00000, 0x000000076adfffc0, 0x000000076ae00000| 99%| O|  |TAMS 0x000000076ac00000, 0x000000076ac00000| Untracked 
| 343|0x000000076ae00000, 0x000000076b000000, 0x000000076b000000|100%| O|  |TAMS 0x000000076ae00000, 0x000000076ae00000| Untracked 
| 344|0x000000076b000000, 0x000000076b1fffc0, 0x000000076b200000| 99%| O|  |TAMS 0x000000076b000000, 0x000000076b000000| Untracked 
| 345|0x000000076b200000, 0x000000076b3ffff8, 0x000000076b400000| 99%| O|  |TAMS 0x000000076b200000, 0x000000076b200000| Untracked 
| 346|0x000000076b400000, 0x000000076b5ffff8, 0x000000076b600000| 99%| O|  |TAMS 0x000000076b400000, 0x000000076b400000| Untracked 
| 347|0x000000076b600000, 0x000000076b800000, 0x000000076b800000|100%| O|  |TAMS 0x000000076b600000, 0x000000076b600000| Untracked 
| 348|0x000000076b800000, 0x000000076ba00000, 0x000000076ba00000|100%| O|  |TAMS 0x000000076b800000, 0x000000076b800000| Untracked 
| 349|0x000000076ba00000, 0x000000076bc00000, 0x000000076bc00000|100%| O|  |TAMS 0x000000076ba00000, 0x000000076ba00000| Untracked 
| 350|0x000000076bc00000, 0x000000076bdffff0, 0x000000076be00000| 99%| O|  |TAMS 0x000000076bc00000, 0x000000076bc00000| Untracked 
| 351|0x000000076be00000, 0x000000076bfffff0, 0x000000076c000000| 99%| O|  |TAMS 0x000000076be00000, 0x000000076be00000| Untracked 
| 352|0x000000076c000000, 0x000000076c1ffff8, 0x000000076c200000| 99%| O|  |TAMS 0x000000076c000000, 0x000000076c000000| Untracked 
| 353|0x000000076c200000, 0x000000076c3fffa8, 0x000000076c400000| 99%| O|  |TAMS 0x000000076c200000, 0x000000076c200000| Untracked 
| 354|0x000000076c400000, 0x000000076c600000, 0x000000076c600000|100%| O|  |TAMS 0x000000076c400000, 0x000000076c400000| Untracked 
| 355|0x000000076c600000, 0x000000076c7fffd8, 0x000000076c800000| 99%| O|  |TAMS 0x000000076c600000, 0x000000076c600000| Untracked 
| 356|0x000000076c800000, 0x000000076c9fffd0, 0x000000076ca00000| 99%| O|  |TAMS 0x000000076c800000, 0x000000076c800000| Untracked 
| 357|0x000000076ca00000, 0x000000076cbfff80, 0x000000076cc00000| 99%| O|  |TAMS 0x000000076ca00000, 0x000000076ca00000| Untracked 
| 358|0x000000076cc00000, 0x000000076cdffff8, 0x000000076ce00000| 99%| O|  |TAMS 0x000000076cc00000, 0x000000076cc00000| Untracked 
| 359|0x000000076ce00000, 0x000000076cffffa0, 0x000000076d000000| 99%| O|  |TAMS 0x000000076ce00000, 0x000000076ce00000| Untracked 
| 360|0x000000076d000000, 0x000000076d1ffff0, 0x000000076d200000| 99%| O|  |TAMS 0x000000076d000000, 0x000000076d000000| Untracked 
| 361|0x000000076d200000, 0x000000076d400000, 0x000000076d400000|100%| O|  |TAMS 0x000000076d200000, 0x000000076d200000| Untracked 
| 362|0x000000076d400000, 0x000000076d5ffff8, 0x000000076d600000| 99%| O|  |TAMS 0x000000076d400000, 0x000000076d400000| Untracked 
| 363|0x000000076d600000, 0x000000076d800000, 0x000000076d800000|100%| O|  |TAMS 0x000000076d600000, 0x000000076d600000| Untracked 
| 364|0x000000076d800000, 0x000000076da00000, 0x000000076da00000|100%| O|  |TAMS 0x000000076d800000, 0x000000076d800000| Untracked 
| 365|0x000000076da00000, 0x000000076dc00000, 0x000000076dc00000|100%| O|  |TAMS 0x000000076da00000, 0x000000076da00000| Untracked 
| 366|0x000000076dc00000, 0x000000076de00000, 0x000000076de00000|100%| O|  |TAMS 0x000000076dc00000, 0x000000076dc00000| Untracked 
| 367|0x000000076de00000, 0x000000076e000000, 0x000000076e000000|100%| O|  |TAMS 0x000000076de00000, 0x000000076de00000| Untracked 
| 368|0x000000076e000000, 0x000000076e1fffe0, 0x000000076e200000| 99%| O|  |TAMS 0x000000076e000000, 0x000000076e000000| Untracked 
| 369|0x000000076e200000, 0x000000076e3ffff8, 0x000000076e400000| 99%| O|  |TAMS 0x000000076e200000, 0x000000076e200000| Untracked 
| 370|0x000000076e400000, 0x000000076e5ffff0, 0x000000076e600000| 99%| O|  |TAMS 0x000000076e400000, 0x000000076e400000| Untracked 
| 371|0x000000076e600000, 0x000000076e7ffff8, 0x000000076e800000| 99%| O|  |TAMS 0x000000076e600000, 0x000000076e600000| Untracked 
| 372|0x000000076e800000, 0x000000076e9ffff8, 0x000000076ea00000| 99%| O|  |TAMS 0x000000076e800000, 0x000000076e800000| Untracked 
| 373|0x000000076ea00000, 0x000000076ec00000, 0x000000076ec00000|100%| O|  |TAMS 0x000000076ea00000, 0x000000076ea00000| Untracked 
| 374|0x000000076ec00000, 0x000000076edffff8, 0x000000076ee00000| 99%| O|  |TAMS 0x000000076ec00000, 0x000000076ec00000| Untracked 
| 375|0x000000076ee00000, 0x000000076efffff0, 0x000000076f000000| 99%| O|  |TAMS 0x000000076ee00000, 0x000000076ee00000| Untracked 
| 376|0x000000076f000000, 0x000000076f1fffe0, 0x000000076f200000| 99%| O|  |TAMS 0x000000076f000000, 0x000000076f000000| Untracked 
| 377|0x000000076f200000, 0x000000076f3fff88, 0x000000076f400000| 99%| O|  |TAMS 0x000000076f200000, 0x000000076f200000| Untracked 
| 378|0x000000076f400000, 0x000000076f5ffff0, 0x000000076f600000| 99%| O|  |TAMS 0x000000076f400000, 0x000000076f400000| Untracked 
| 379|0x000000076f600000, 0x000000076f7ffff0, 0x000000076f800000| 99%| O|  |TAMS 0x000000076f600000, 0x000000076f600000| Untracked 
| 380|0x000000076f800000, 0x000000076f9fffb8, 0x000000076fa00000| 99%| O|  |TAMS 0x000000076f800000, 0x000000076f800000| Untracked 
| 381|0x000000076fa00000, 0x000000076fbfffe0, 0x000000076fc00000| 99%| O|  |TAMS 0x000000076fa00000, 0x000000076fa00000| Untracked 
| 382|0x000000076fc00000, 0x000000076fdfffc8, 0x000000076fe00000| 99%| O|  |TAMS 0x000000076fc00000, 0x000000076fc00000| Untracked 
| 383|0x000000076fe00000, 0x000000076fffffe0, 0x0000000770000000| 99%| O|  |TAMS 0x000000076fe00000, 0x000000076fe00000| Untracked 
| 384|0x0000000770000000, 0x00000007701ffff0, 0x0000000770200000| 99%| O|  |TAMS 0x0000000770000000, 0x0000000770000000| Untracked 
| 385|0x0000000770200000, 0x0000000770400000, 0x0000000770400000|100%| O|  |TAMS 0x0000000770200000, 0x0000000770200000| Untracked 
| 386|0x0000000770400000, 0x00000007705ffff8, 0x0000000770600000| 99%| O|  |TAMS 0x0000000770400000, 0x0000000770400000| Untracked 
| 387|0x0000000770600000, 0x00000007707fffb8, 0x0000000770800000| 99%| O|  |TAMS 0x0000000770600000, 0x0000000770600000| Untracked 
| 388|0x0000000770800000, 0x0000000770a00000, 0x0000000770a00000|100%| O|  |TAMS 0x0000000770800000, 0x0000000770800000| Untracked 
| 389|0x0000000770a00000, 0x0000000770bfffe0, 0x0000000770c00000| 99%| O|  |TAMS 0x0000000770a00000, 0x0000000770a00000| Untracked 
| 390|0x0000000770c00000, 0x0000000770dffff8, 0x0000000770e00000| 99%| O|  |TAMS 0x0000000770c00000, 0x0000000770c00000| Untracked 
| 391|0x0000000770e00000, 0x0000000771000000, 0x0000000771000000|100%| O|  |TAMS 0x0000000770e00000, 0x0000000770e00000| Untracked 
| 392|0x0000000771000000, 0x00000007711ffff0, 0x0000000771200000| 99%| O|  |TAMS 0x0000000771000000, 0x0000000771000000| Untracked 
| 393|0x0000000771200000, 0x0000000771400000, 0x0000000771400000|100%| O|  |TAMS 0x0000000771200000, 0x0000000771200000| Untracked 
| 394|0x0000000771400000, 0x00000007715fffe0, 0x0000000771600000| 99%| O|  |TAMS 0x0000000771400000, 0x0000000771400000| Untracked 
| 395|0x0000000771600000, 0x00000007717fffb8, 0x0000000771800000| 99%| O|  |TAMS 0x0000000771600000, 0x0000000771600000| Untracked 
| 396|0x0000000771800000, 0x00000007719ffff0, 0x0000000771a00000| 99%| O|  |TAMS 0x0000000771800000, 0x0000000771800000| Untracked 
| 397|0x0000000771a00000, 0x0000000771bfffd0, 0x0000000771c00000| 99%| O|  |TAMS 0x0000000771a00000, 0x0000000771a00000| Untracked 
| 398|0x0000000771c00000, 0x0000000771dffff0, 0x0000000771e00000| 99%| O|  |TAMS 0x0000000771c00000, 0x0000000771c00000| Untracked 
| 399|0x0000000771e00000, 0x0000000771fffff8, 0x0000000772000000| 99%| O|  |TAMS 0x0000000771e00000, 0x0000000771e00000| Untracked 
| 400|0x0000000772000000, 0x00000007721ffff0, 0x0000000772200000| 99%| O|  |TAMS 0x0000000772000000, 0x0000000772000000| Untracked 
| 401|0x0000000772200000, 0x0000000772400000, 0x0000000772400000|100%| O|  |TAMS 0x0000000772200000, 0x0000000772200000| Untracked 
| 402|0x0000000772400000, 0x0000000772600000, 0x0000000772600000|100%| O|  |TAMS 0x0000000772400000, 0x0000000772400000| Untracked 
| 403|0x0000000772600000, 0x00000007727ffff0, 0x0000000772800000| 99%| O|  |TAMS 0x0000000772600000, 0x0000000772600000| Untracked 
| 404|0x0000000772800000, 0x00000007729ffff0, 0x0000000772a00000| 99%| O|  |TAMS 0x0000000772800000, 0x0000000772800000| Untracked 
| 405|0x0000000772a00000, 0x0000000772bffff0, 0x0000000772c00000| 99%| O|  |TAMS 0x0000000772a00000, 0x0000000772a00000| Untracked 
| 406|0x0000000772c00000, 0x0000000772dffff0, 0x0000000772e00000| 99%| O|  |TAMS 0x0000000772c00000, 0x0000000772c00000| Untracked 
| 407|0x0000000772e00000, 0x0000000773000000, 0x0000000773000000|100%| O|  |TAMS 0x0000000772e00000, 0x0000000772e00000| Untracked 
| 408|0x0000000773000000, 0x0000000773200000, 0x0000000773200000|100%| O|  |TAMS 0x0000000773000000, 0x0000000773000000| Untracked 
| 409|0x0000000773200000, 0x0000000773400000, 0x0000000773400000|100%| O|  |TAMS 0x0000000773200000, 0x0000000773200000| Untracked 
| 410|0x0000000773400000, 0x00000007735ffff0, 0x0000000773600000| 99%| O|  |TAMS 0x0000000773400000, 0x0000000773400000| Untracked 
| 411|0x0000000773600000, 0x00000007737ffff0, 0x0000000773800000| 99%| O|  |TAMS 0x0000000773600000, 0x0000000773600000| Untracked 
| 412|0x0000000773800000, 0x00000007739ffff8, 0x0000000773a00000| 99%| O|  |TAMS 0x0000000773800000, 0x0000000773800000| Untracked 
| 413|0x0000000773a00000, 0x0000000773c00000, 0x0000000773c00000|100%| O|  |TAMS 0x0000000773a00000, 0x0000000773a00000| Untracked 
| 414|0x0000000773c00000, 0x0000000773dfffd8, 0x0000000773e00000| 99%| O|  |TAMS 0x0000000773c00000, 0x0000000773c00000| Untracked 
| 415|0x0000000773e00000, 0x0000000774000000, 0x0000000774000000|100%| O|  |TAMS 0x0000000773e00000, 0x0000000773e00000| Untracked 
| 416|0x0000000774000000, 0x00000007741ffff0, 0x0000000774200000| 99%| O|  |TAMS 0x0000000774000000, 0x0000000774000000| Untracked 
| 417|0x0000000774200000, 0x00000007743ffff0, 0x0000000774400000| 99%| O|  |TAMS 0x0000000774200000, 0x0000000774200000| Untracked 
| 418|0x0000000774400000, 0x00000007745ffff8, 0x0000000774600000| 99%| O|  |TAMS 0x0000000774400000, 0x0000000774400000| Untracked 
| 419|0x0000000774600000, 0x00000007747fffe8, 0x0000000774800000| 99%| O|  |TAMS 0x0000000774600000, 0x0000000774600000| Untracked 
| 420|0x0000000774800000, 0x00000007749fffc0, 0x0000000774a00000| 99%| O|  |TAMS 0x0000000774800000, 0x0000000774800000| Untracked 
| 421|0x0000000774a00000, 0x0000000774bffff0, 0x0000000774c00000| 99%| O|  |TAMS 0x0000000774a00000, 0x0000000774a00000| Untracked 
| 422|0x0000000774c00000, 0x0000000774dfffe8, 0x0000000774e00000| 99%| O|  |TAMS 0x0000000774c00000, 0x0000000774c00000| Untracked 
| 423|0x0000000774e00000, 0x0000000774fffff0, 0x0000000775000000| 99%| O|  |TAMS 0x0000000774e00000, 0x0000000774e00000| Untracked 
| 424|0x0000000775000000, 0x00000007751ffff0, 0x0000000775200000| 99%| O|  |TAMS 0x0000000775000000, 0x0000000775000000| Untracked 
| 425|0x0000000775200000, 0x0000000775400000, 0x0000000775400000|100%| O|  |TAMS 0x0000000775200000, 0x0000000775200000| Untracked 
| 426|0x0000000775400000, 0x00000007755ffff0, 0x0000000775600000| 99%| O|  |TAMS 0x0000000775400000, 0x0000000775400000| Untracked 
| 427|0x0000000775600000, 0x00000007757ffff0, 0x0000000775800000| 99%| O|  |TAMS 0x0000000775600000, 0x0000000775600000| Untracked 
| 428|0x0000000775800000, 0x00000007759ffff0, 0x0000000775a00000| 99%| O|  |TAMS 0x0000000775800000, 0x0000000775800000| Untracked 
| 429|0x0000000775a00000, 0x0000000775c00000, 0x0000000775c00000|100%| O|  |TAMS 0x0000000775a00000, 0x0000000775a00000| Untracked 
| 430|0x0000000775c00000, 0x0000000775dfffe8, 0x0000000775e00000| 99%| O|  |TAMS 0x0000000775c00000, 0x0000000775c00000| Untracked 
| 431|0x0000000775e00000, 0x0000000775fffff0, 0x0000000776000000| 99%| O|  |TAMS 0x0000000775e00000, 0x0000000775e00000| Untracked 
| 432|0x0000000776000000, 0x00000007761ffff0, 0x0000000776200000| 99%| O|  |TAMS 0x0000000776000000, 0x0000000776000000| Untracked 
| 433|0x0000000776200000, 0x00000007763ffff8, 0x0000000776400000| 99%| O|  |TAMS 0x0000000776200000, 0x0000000776200000| Untracked 
| 434|0x0000000776400000, 0x00000007765ffff8, 0x0000000776600000| 99%| O|  |TAMS 0x0000000776400000, 0x0000000776400000| Untracked 
| 435|0x0000000776600000, 0x0000000776800000, 0x0000000776800000|100%| O|  |TAMS 0x0000000776600000, 0x0000000776600000| Untracked 
| 436|0x0000000776800000, 0x00000007769fffc0, 0x0000000776a00000| 99%| O|  |TAMS 0x0000000776800000, 0x0000000776800000| Untracked 
| 437|0x0000000776a00000, 0x0000000776bfffd0, 0x0000000776c00000| 99%| O|  |TAMS 0x0000000776a00000, 0x0000000776a00000| Untracked 
| 438|0x0000000776c00000, 0x0000000776dfffe8, 0x0000000776e00000| 99%| O|  |TAMS 0x0000000776c00000, 0x0000000776c00000| Untracked 
| 439|0x0000000776e00000, 0x0000000776fffff8, 0x0000000777000000| 99%| O|  |TAMS 0x0000000776e00000, 0x0000000776e00000| Untracked 
| 440|0x0000000777000000, 0x00000007771ffff8, 0x0000000777200000| 99%| O|  |TAMS 0x0000000777000000, 0x0000000777000000| Untracked 
| 441|0x0000000777200000, 0x00000007773ffff8, 0x0000000777400000| 99%| O|  |TAMS 0x0000000777200000, 0x0000000777200000| Untracked 
| 442|0x0000000777400000, 0x00000007775ffff0, 0x0000000777600000| 99%| O|  |TAMS 0x0000000777400000, 0x0000000777400000| Untracked 
| 443|0x0000000777600000, 0x00000007777ffff8, 0x0000000777800000| 99%| O|  |TAMS 0x0000000777600000, 0x0000000777600000| Untracked 
| 444|0x0000000777800000, 0x00000007779ffff8, 0x0000000777a00000| 99%| O|  |TAMS 0x0000000777800000, 0x0000000777800000| Untracked 
| 445|0x0000000777a00000, 0x0000000777bffff0, 0x0000000777c00000| 99%| O|  |TAMS 0x0000000777a00000, 0x0000000777a00000| Untracked 
| 446|0x0000000777c00000, 0x0000000777e00000, 0x0000000777e00000|100%| O|  |TAMS 0x0000000777c00000, 0x0000000777c00000| Untracked 
| 447|0x0000000777e00000, 0x0000000778000000, 0x0000000778000000|100%| O|  |TAMS 0x0000000777e00000, 0x0000000777e00000| Untracked 
| 448|0x0000000778000000, 0x00000007781ffff8, 0x0000000778200000| 99%| O|  |TAMS 0x0000000778000000, 0x0000000778000000| Untracked 
| 449|0x0000000778200000, 0x0000000778400000, 0x0000000778400000|100%| O|  |TAMS 0x0000000778200000, 0x0000000778200000| Untracked 
| 450|0x0000000778400000, 0x00000007785ffff8, 0x0000000778600000| 99%| O|  |TAMS 0x0000000778400000, 0x0000000778400000| Untracked 
| 451|0x0000000778600000, 0x00000007787ffff8, 0x0000000778800000| 99%| O|  |TAMS 0x0000000778600000, 0x0000000778600000| Untracked 
| 452|0x0000000778800000, 0x00000007789ffff8, 0x0000000778a00000| 99%| O|  |TAMS 0x0000000778800000, 0x0000000778800000| Untracked 
| 453|0x0000000778a00000, 0x0000000778bffff8, 0x0000000778c00000| 99%| O|  |TAMS 0x0000000778a00000, 0x0000000778a00000| Untracked 
| 454|0x0000000778c00000, 0x0000000778dffff8, 0x0000000778e00000| 99%| O|  |TAMS 0x0000000778c00000, 0x0000000778c00000| Untracked 
| 455|0x0000000778e00000, 0x0000000778ffffe0, 0x0000000779000000| 99%| O|  |TAMS 0x0000000778e00000, 0x0000000778e00000| Untracked 
| 456|0x0000000779000000, 0x00000007791ffff8, 0x0000000779200000| 99%| O|  |TAMS 0x0000000779000000, 0x0000000779000000| Untracked 
| 457|0x0000000779200000, 0x0000000779400000, 0x0000000779400000|100%| O|  |TAMS 0x0000000779200000, 0x0000000779200000| Untracked 
| 458|0x0000000779400000, 0x0000000779600000, 0x0000000779600000|100%| O|  |TAMS 0x0000000779400000, 0x0000000779400000| Untracked 
| 459|0x0000000779600000, 0x00000007797fffe0, 0x0000000779800000| 99%| O|  |TAMS 0x0000000779600000, 0x0000000779600000| Untracked 
| 460|0x0000000779800000, 0x00000007799fff70, 0x0000000779a00000| 99%| O|  |TAMS 0x0000000779800000, 0x0000000779800000| Untracked 
| 461|0x0000000779a00000, 0x0000000779bffff0, 0x0000000779c00000| 99%| O|  |TAMS 0x0000000779a00000, 0x0000000779a00000| Untracked 
| 462|0x0000000779c00000, 0x0000000779dfffb0, 0x0000000779e00000| 99%| O|  |TAMS 0x0000000779c00000, 0x0000000779c00000| Untracked 
| 463|0x0000000779e00000, 0x0000000779fffff0, 0x000000077a000000| 99%| O|  |TAMS 0x0000000779e00000, 0x0000000779e00000| Untracked 
| 464|0x000000077a000000, 0x000000077a1ffff8, 0x000000077a200000| 99%| O|  |TAMS 0x000000077a000000, 0x000000077a000000| Untracked 
| 465|0x000000077a200000, 0x000000077a3ffff8, 0x000000077a400000| 99%| O|  |TAMS 0x000000077a200000, 0x000000077a200000| Untracked 
| 466|0x000000077a400000, 0x000000077a5ffff0, 0x000000077a600000| 99%| O|  |TAMS 0x000000077a400000, 0x000000077a400000| Untracked 
| 467|0x000000077a600000, 0x000000077a7ffff8, 0x000000077a800000| 99%| O|  |TAMS 0x000000077a600000, 0x000000077a600000| Untracked 
| 468|0x000000077a800000, 0x000000077aa00000, 0x000000077aa00000|100%| O|  |TAMS 0x000000077a800000, 0x000000077a800000| Untracked 
| 469|0x000000077aa00000, 0x000000077abffff0, 0x000000077ac00000| 99%| O|  |TAMS 0x000000077aa00000, 0x000000077aa00000| Untracked 
| 470|0x000000077ac00000, 0x000000077ae00000, 0x000000077ae00000|100%| O|  |TAMS 0x000000077ac00000, 0x000000077ac00000| Untracked 
| 471|0x000000077ae00000, 0x000000077affff70, 0x000000077b000000| 99%| O|  |TAMS 0x000000077ae00000, 0x000000077ae00000| Untracked 
| 472|0x000000077b000000, 0x000000077b1fffd0, 0x000000077b200000| 99%| O|  |TAMS 0x000000077b000000, 0x000000077b000000| Untracked 
| 473|0x000000077b200000, 0x000000077b3ffff0, 0x000000077b400000| 99%| O|  |TAMS 0x000000077b200000, 0x000000077b200000| Untracked 
| 474|0x000000077b400000, 0x000000077b5fffe0, 0x000000077b600000| 99%| O|  |TAMS 0x000000077b400000, 0x000000077b400000| Untracked 
| 475|0x000000077b600000, 0x000000077b7fffe0, 0x000000077b800000| 99%| O|  |TAMS 0x000000077b600000, 0x000000077b600000| Untracked 
| 476|0x000000077b800000, 0x000000077b9fffe8, 0x000000077ba00000| 99%| O|  |TAMS 0x000000077b800000, 0x000000077b800000| Untracked 
| 477|0x000000077ba00000, 0x000000077bc00000, 0x000000077bc00000|100%| O|  |TAMS 0x000000077ba00000, 0x000000077ba00000| Untracked 
| 478|0x000000077bc00000, 0x000000077bdfffc0, 0x000000077be00000| 99%| O|  |TAMS 0x000000077bc00000, 0x000000077bc00000| Untracked 
| 479|0x000000077be00000, 0x000000077c000000, 0x000000077c000000|100%| O|  |TAMS 0x000000077be00000, 0x000000077be00000| Untracked 
| 480|0x000000077c000000, 0x000000077c1ffff8, 0x000000077c200000| 99%| O|  |TAMS 0x000000077c000000, 0x000000077c000000| Untracked 
| 481|0x000000077c200000, 0x000000077c400000, 0x000000077c400000|100%| O|  |TAMS 0x000000077c200000, 0x000000077c200000| Untracked 
| 482|0x000000077c400000, 0x000000077c5fffc8, 0x000000077c600000| 99%| O|  |TAMS 0x000000077c400000, 0x000000077c400000| Untracked 
| 483|0x000000077c600000, 0x000000077c7ffff8, 0x000000077c800000| 99%| O|  |TAMS 0x000000077c600000, 0x000000077c600000| Untracked 
| 484|0x000000077c800000, 0x000000077c9fffd8, 0x000000077ca00000| 99%| O|  |TAMS 0x000000077c800000, 0x000000077c800000| Untracked 
| 485|0x000000077ca00000, 0x000000077cbfff80, 0x000000077cc00000| 99%| O|  |TAMS 0x000000077ca00000, 0x000000077ca00000| Untracked 
| 486|0x000000077cc00000, 0x000000077cdfffa0, 0x000000077ce00000| 99%| O|  |TAMS 0x000000077cc00000, 0x000000077cc00000| Untracked 
| 487|0x000000077ce00000, 0x000000077cfffff0, 0x000000077d000000| 99%| O|  |TAMS 0x000000077ce00000, 0x000000077ce00000| Untracked 
| 488|0x000000077d000000, 0x000000077d1fffa8, 0x000000077d200000| 99%| O|  |TAMS 0x000000077d000000, 0x000000077d000000| Untracked 
| 489|0x000000077d200000, 0x000000077d3fff98, 0x000000077d400000| 99%| O|  |TAMS 0x000000077d200000, 0x000000077d200000| Untracked 
| 490|0x000000077d400000, 0x000000077d5ffff0, 0x000000077d600000| 99%| O|  |TAMS 0x000000077d400000, 0x000000077d400000| Untracked 
| 491|0x000000077d600000, 0x000000077d800000, 0x000000077d800000|100%| O|  |TAMS 0x000000077d600000, 0x000000077d600000| Untracked 
| 492|0x000000077d800000, 0x000000077da00000, 0x000000077da00000|100%| O|  |TAMS 0x000000077d800000, 0x000000077d800000| Untracked 
| 493|0x000000077da00000, 0x000000077dc00000, 0x000000077dc00000|100%| O|  |TAMS 0x000000077da00000, 0x000000077da00000| Untracked 
| 494|0x000000077dc00000, 0x000000077de00000, 0x000000077de00000|100%| O|  |TAMS 0x000000077dc00000, 0x000000077dc00000| Untracked 
| 495|0x000000077de00000, 0x000000077e000000, 0x000000077e000000|100%| O|  |TAMS 0x000000077de00000, 0x000000077de00000| Untracked 
| 496|0x000000077e000000, 0x000000077e1fff68, 0x000000077e200000| 99%| O|  |TAMS 0x000000077e000000, 0x000000077e000000| Untracked 
| 497|0x000000077e200000, 0x000000077e3fffd0, 0x000000077e400000| 99%| O|  |TAMS 0x000000077e200000, 0x000000077e200000| Untracked 
| 498|0x000000077e400000, 0x000000077e600000, 0x000000077e600000|100%| O|  |TAMS 0x000000077e400000, 0x000000077e400000| Untracked 
| 499|0x000000077e600000, 0x000000077e7ffff8, 0x000000077e800000| 99%| O|  |TAMS 0x000000077e600000, 0x000000077e600000| Untracked 
| 500|0x000000077e800000, 0x000000077e9fffc0, 0x000000077ea00000| 99%| O|  |TAMS 0x000000077e800000, 0x000000077e800000| Untracked 
| 501|0x000000077ea00000, 0x000000077ebffff0, 0x000000077ec00000| 99%| O|  |TAMS 0x000000077ea00000, 0x000000077ea00000| Untracked 
| 502|0x000000077ec00000, 0x000000077edffff0, 0x000000077ee00000| 99%| O|  |TAMS 0x000000077ec00000, 0x000000077ec00000| Untracked 
| 503|0x000000077ee00000, 0x000000077efffff8, 0x000000077f000000| 99%| O|  |TAMS 0x000000077ee00000, 0x000000077ee00000| Untracked 
| 504|0x000000077f000000, 0x000000077f1fffe8, 0x000000077f200000| 99%| O|  |TAMS 0x000000077f000000, 0x000000077f000000| Untracked 
| 505|0x000000077f200000, 0x000000077f400000, 0x000000077f400000|100%| O|  |TAMS 0x000000077f200000, 0x000000077f200000| Untracked 
| 506|0x000000077f400000, 0x000000077f5ffff0, 0x000000077f600000| 99%| O|  |TAMS 0x000000077f400000, 0x000000077f400000| Untracked 
| 507|0x000000077f600000, 0x000000077f7fffd8, 0x000000077f800000| 99%| O|  |TAMS 0x000000077f600000, 0x000000077f600000| Untracked 
| 508|0x000000077f800000, 0x000000077f9ffff8, 0x000000077fa00000| 99%| O|  |TAMS 0x000000077f800000, 0x000000077f800000| Untracked 
| 509|0x000000077fa00000, 0x000000077fbffff0, 0x000000077fc00000| 99%| O|  |TAMS 0x000000077fa00000, 0x000000077fa00000| Untracked 
| 510|0x000000077fc00000, 0x000000077fdfffe0, 0x000000077fe00000| 99%| O|  |TAMS 0x000000077fc00000, 0x000000077fc00000| Untracked 
| 511|0x000000077fe00000, 0x000000077ffffff0, 0x0000000780000000| 99%| O|  |TAMS 0x000000077fe00000, 0x000000077fe00000| Untracked 
| 512|0x0000000780000000, 0x0000000780200000, 0x0000000780200000|100%| O|  |TAMS 0x0000000780000000, 0x0000000780000000| Untracked 
| 513|0x0000000780200000, 0x00000007803ffff0, 0x0000000780400000| 99%| O|  |TAMS 0x0000000780200000, 0x0000000780200000| Untracked 
| 514|0x0000000780400000, 0x0000000780600000, 0x0000000780600000|100%| O|  |TAMS 0x0000000780400000, 0x0000000780400000| Untracked 
| 515|0x0000000780600000, 0x0000000780800000, 0x0000000780800000|100%| O|  |TAMS 0x0000000780600000, 0x0000000780600000| Untracked 
| 516|0x0000000780800000, 0x00000007809ffff0, 0x0000000780a00000| 99%| O|  |TAMS 0x0000000780800000, 0x0000000780800000| Untracked 
| 517|0x0000000780a00000, 0x0000000780bfffe0, 0x0000000780c00000| 99%| O|  |TAMS 0x0000000780a00000, 0x0000000780a00000| Untracked 
| 518|0x0000000780c00000, 0x0000000780e00000, 0x0000000780e00000|100%| O|  |TAMS 0x0000000780c00000, 0x0000000780c00000| Untracked 
| 519|0x0000000780e00000, 0x0000000780fffff8, 0x0000000781000000| 99%| O|  |TAMS 0x0000000780e00000, 0x0000000780e00000| Untracked 
| 520|0x0000000781000000, 0x0000000781200000, 0x0000000781200000|100%| O|  |TAMS 0x0000000781000000, 0x0000000781000000| Untracked 
| 521|0x0000000781200000, 0x00000007813ffff0, 0x0000000781400000| 99%| O|  |TAMS 0x0000000781200000, 0x0000000781200000| Untracked 
| 522|0x0000000781400000, 0x0000000781600000, 0x0000000781600000|100%| O|  |TAMS 0x0000000781400000, 0x0000000781400000| Untracked 
| 523|0x0000000781600000, 0x00000007817ffff0, 0x0000000781800000| 99%| O|  |TAMS 0x0000000781600000, 0x0000000781600000| Untracked 
| 524|0x0000000781800000, 0x00000007819ffff8, 0x0000000781a00000| 99%| O|  |TAMS 0x0000000781800000, 0x0000000781800000| Untracked 
| 525|0x0000000781a00000, 0x0000000781bffff8, 0x0000000781c00000| 99%| O|  |TAMS 0x0000000781a00000, 0x0000000781a00000| Untracked 
| 526|0x0000000781c00000, 0x0000000781dffff0, 0x0000000781e00000| 99%| O|  |TAMS 0x0000000781c00000, 0x0000000781c00000| Untracked 
| 527|0x0000000781e00000, 0x0000000781fffff8, 0x0000000782000000| 99%| O|  |TAMS 0x0000000781e00000, 0x0000000781e00000| Untracked 
| 528|0x0000000782000000, 0x00000007821fffd8, 0x0000000782200000| 99%| O|  |TAMS 0x0000000782000000, 0x0000000782000000| Untracked 
| 529|0x0000000782200000, 0x0000000782400000, 0x0000000782400000|100%| O|  |TAMS 0x0000000782200000, 0x0000000782200000| Untracked 
| 530|0x0000000782400000, 0x00000007825fffb8, 0x0000000782600000| 99%| O|  |TAMS 0x0000000782400000, 0x0000000782400000| Untracked 
| 531|0x0000000782600000, 0x00000007827fffd8, 0x0000000782800000| 99%| O|  |TAMS 0x0000000782600000, 0x0000000782600000| Untracked 
| 532|0x0000000782800000, 0x00000007829fffb8, 0x0000000782a00000| 99%| O|  |TAMS 0x0000000782800000, 0x0000000782800000| Untracked 
| 533|0x0000000782a00000, 0x0000000782bfffe0, 0x0000000782c00000| 99%| O|  |TAMS 0x0000000782a00000, 0x0000000782a00000| Untracked 
| 534|0x0000000782c00000, 0x0000000782dffff0, 0x0000000782e00000| 99%| O|  |TAMS 0x0000000782c00000, 0x0000000782c00000| Untracked 
| 535|0x0000000782e00000, 0x0000000782fffff8, 0x0000000783000000| 99%| O|  |TAMS 0x0000000782e00000, 0x0000000782e00000| Untracked 
| 536|0x0000000783000000, 0x00000007831ffff8, 0x0000000783200000| 99%| O|  |TAMS 0x0000000783000000, 0x0000000783000000| Untracked 
| 537|0x0000000783200000, 0x00000007833ffff8, 0x0000000783400000| 99%| O|  |TAMS 0x0000000783200000, 0x0000000783200000| Untracked 
| 538|0x0000000783400000, 0x00000007835fffa8, 0x0000000783600000| 99%| O|  |TAMS 0x0000000783400000, 0x0000000783400000| Untracked 
| 539|0x0000000783600000, 0x00000007837ffff8, 0x0000000783800000| 99%| O|  |TAMS 0x0000000783600000, 0x0000000783600000| Untracked 
| 540|0x0000000783800000, 0x00000007839ffff8, 0x0000000783a00000| 99%| O|  |TAMS 0x0000000783800000, 0x0000000783800000| Untracked 
| 541|0x0000000783a00000, 0x0000000783bffff0, 0x0000000783c00000| 99%| O|  |TAMS 0x0000000783a00000, 0x0000000783a00000| Untracked 
| 542|0x0000000783c00000, 0x0000000783dffff8, 0x0000000783e00000| 99%| O|  |TAMS 0x0000000783c00000, 0x0000000783c00000| Untracked 
| 543|0x0000000783e00000, 0x0000000783fffff0, 0x0000000784000000| 99%| O|  |TAMS 0x0000000783e00000, 0x0000000783e00000| Untracked 
| 544|0x0000000784000000, 0x00000007841ffff8, 0x0000000784200000| 99%| O|  |TAMS 0x0000000784000000, 0x0000000784000000| Untracked 
| 545|0x0000000784200000, 0x00000007843ffff8, 0x0000000784400000| 99%| O|  |TAMS 0x0000000784200000, 0x0000000784200000| Untracked 
| 546|0x0000000784400000, 0x00000007845fff70, 0x0000000784600000| 99%| O|  |TAMS 0x0000000784400000, 0x0000000784400000| Untracked 
| 547|0x0000000784600000, 0x00000007847ffff0, 0x0000000784800000| 99%| O|  |TAMS 0x0000000784600000, 0x0000000784600000| Untracked 
| 548|0x0000000784800000, 0x00000007849ffff0, 0x0000000784a00000| 99%| O|  |TAMS 0x0000000784800000, 0x0000000784800000| Untracked 
| 549|0x0000000784a00000, 0x0000000784bffff0, 0x0000000784c00000| 99%| O|  |TAMS 0x0000000784a00000, 0x0000000784a00000| Untracked 
| 550|0x0000000784c00000, 0x0000000784e00000, 0x0000000784e00000|100%| O|  |TAMS 0x0000000784c00000, 0x0000000784c00000| Untracked 
| 551|0x0000000784e00000, 0x0000000784fffff8, 0x0000000785000000| 99%| O|  |TAMS 0x0000000784e00000, 0x0000000784e00000| Untracked 
| 552|0x0000000785000000, 0x00000007851ffff0, 0x0000000785200000| 99%| O|  |TAMS 0x0000000785000000, 0x0000000785000000| Untracked 
| 553|0x0000000785200000, 0x00000007853fff68, 0x0000000785400000| 99%| O|  |TAMS 0x0000000785200000, 0x0000000785200000| Untracked 
| 554|0x0000000785400000, 0x00000007855ffff0, 0x0000000785600000| 99%| O|  |TAMS 0x0000000785400000, 0x0000000785400000| Untracked 
| 555|0x0000000785600000, 0x00000007857ffff0, 0x0000000785800000| 99%| O|  |TAMS 0x0000000785600000, 0x0000000785600000| Untracked 
| 556|0x0000000785800000, 0x00000007859fffe8, 0x0000000785a00000| 99%| O|  |TAMS 0x0000000785800000, 0x0000000785800000| Untracked 
| 557|0x0000000785a00000, 0x0000000785bfff78, 0x0000000785c00000| 99%| O|  |TAMS 0x0000000785a00000, 0x0000000785a00000| Untracked 
| 558|0x0000000785c00000, 0x0000000785dfffe8, 0x0000000785e00000| 99%| O|  |TAMS 0x0000000785c00000, 0x0000000785c00000| Untracked 
| 559|0x0000000785e00000, 0x0000000785fffff8, 0x0000000786000000| 99%| O|  |TAMS 0x0000000785e00000, 0x0000000785e00000| Untracked 
| 560|0x0000000786000000, 0x00000007861fffe8, 0x0000000786200000| 99%| O|  |TAMS 0x0000000786000000, 0x0000000786000000| Untracked 
| 561|0x0000000786200000, 0x00000007863ffff8, 0x0000000786400000| 99%| O|  |TAMS 0x0000000786200000, 0x0000000786200000| Untracked 
| 562|0x0000000786400000, 0x00000007865fffc0, 0x0000000786600000| 99%| O|  |TAMS 0x0000000786400000, 0x0000000786400000| Untracked 
| 563|0x0000000786600000, 0x00000007867fffc8, 0x0000000786800000| 99%| O|  |TAMS 0x0000000786600000, 0x0000000786600000| Untracked 
| 564|0x0000000786800000, 0x00000007869ffff0, 0x0000000786a00000| 99%| O|  |TAMS 0x0000000786800000, 0x0000000786800000| Untracked 
| 565|0x0000000786a00000, 0x0000000786bffff0, 0x0000000786c00000| 99%| O|  |TAMS 0x0000000786a00000, 0x0000000786a00000| Untracked 
| 566|0x0000000786c00000, 0x0000000786dffff0, 0x0000000786e00000| 99%| O|  |TAMS 0x0000000786c00000, 0x0000000786c00000| Untracked 
| 567|0x0000000786e00000, 0x0000000786ffffc0, 0x0000000787000000| 99%| O|  |TAMS 0x0000000786e00000, 0x0000000786e00000| Untracked 
| 568|0x0000000787000000, 0x00000007871ffff0, 0x0000000787200000| 99%| O|  |TAMS 0x0000000787000000, 0x0000000787000000| Untracked 
| 569|0x0000000787200000, 0x0000000787400000, 0x0000000787400000|100%| O|  |TAMS 0x0000000787200000, 0x0000000787200000| Untracked 
| 570|0x0000000787400000, 0x00000007875ffff0, 0x0000000787600000| 99%| O|  |TAMS 0x0000000787400000, 0x0000000787400000| Untracked 
| 571|0x0000000787600000, 0x00000007877fff70, 0x0000000787800000| 99%| O|  |TAMS 0x0000000787600000, 0x0000000787600000| Untracked 
| 572|0x0000000787800000, 0x00000007879ffff8, 0x0000000787a00000| 99%| O|  |TAMS 0x0000000787800000, 0x0000000787800000| Untracked 
| 573|0x0000000787a00000, 0x0000000787bffff8, 0x0000000787c00000| 99%| O|  |TAMS 0x0000000787a00000, 0x0000000787a00000| Untracked 
| 574|0x0000000787c00000, 0x0000000787e00000, 0x0000000787e00000|100%| O|  |TAMS 0x0000000787c00000, 0x0000000787c00000| Untracked 
| 575|0x0000000787e00000, 0x0000000787fffff8, 0x0000000788000000| 99%| O|  |TAMS 0x0000000787e00000, 0x0000000787e00000| Untracked 
| 576|0x0000000788000000, 0x00000007881ffff8, 0x0000000788200000| 99%| O|  |TAMS 0x0000000788000000, 0x0000000788000000| Untracked 
| 577|0x0000000788200000, 0x00000007883fffe0, 0x0000000788400000| 99%| O|  |TAMS 0x0000000788200000, 0x0000000788200000| Untracked 
| 578|0x0000000788400000, 0x00000007885fff78, 0x0000000788600000| 99%| O|  |TAMS 0x0000000788400000, 0x0000000788400000| Untracked 
| 579|0x0000000788600000, 0x00000007887ffff8, 0x0000000788800000| 99%| O|  |TAMS 0x0000000788600000, 0x0000000788600000| Untracked 
| 580|0x0000000788800000, 0x00000007889fffe8, 0x0000000788a00000| 99%| O|  |TAMS 0x0000000788800000, 0x0000000788800000| Untracked 
| 581|0x0000000788a00000, 0x0000000788bfffb0, 0x0000000788c00000| 99%| O|  |TAMS 0x0000000788a00000, 0x0000000788a00000| Untracked 
| 582|0x0000000788c00000, 0x0000000788dffff0, 0x0000000788e00000| 99%| O|  |TAMS 0x0000000788c00000, 0x0000000788c00000| Untracked 
| 583|0x0000000788e00000, 0x0000000788ffff98, 0x0000000789000000| 99%| O|  |TAMS 0x0000000788e00000, 0x0000000788e00000| Untracked 
| 584|0x0000000789000000, 0x00000007891fffe0, 0x0000000789200000| 99%| O|  |TAMS 0x0000000789000000, 0x0000000789000000| Untracked 
| 585|0x0000000789200000, 0x00000007893ffff0, 0x0000000789400000| 99%| O|  |TAMS 0x0000000789200000, 0x0000000789200000| Untracked 
| 586|0x0000000789400000, 0x00000007895fffc0, 0x0000000789600000| 99%| O|  |TAMS 0x0000000789400000, 0x0000000789400000| Untracked 
| 587|0x0000000789600000, 0x00000007897fffd8, 0x0000000789800000| 99%| O|  |TAMS 0x0000000789600000, 0x0000000789600000| Untracked 
| 588|0x0000000789800000, 0x00000007899fffe0, 0x0000000789a00000| 99%| O|  |TAMS 0x0000000789800000, 0x0000000789800000| Untracked 
| 589|0x0000000789a00000, 0x0000000789c00000, 0x0000000789c00000|100%| O|  |TAMS 0x0000000789a00000, 0x0000000789a00000| Untracked 
| 590|0x0000000789c00000, 0x0000000789dffff8, 0x0000000789e00000| 99%| O|  |TAMS 0x0000000789c00000, 0x0000000789c00000| Untracked 
| 591|0x0000000789e00000, 0x0000000789fffff0, 0x000000078a000000| 99%| O|  |TAMS 0x0000000789e00000, 0x0000000789e00000| Untracked 
| 592|0x000000078a000000, 0x000000078a200000, 0x000000078a200000|100%| O|  |TAMS 0x000000078a000000, 0x000000078a000000| Untracked 
| 593|0x000000078a200000, 0x000000078a3fffb8, 0x000000078a400000| 99%| O|  |TAMS 0x000000078a200000, 0x000000078a200000| Untracked 
| 594|0x000000078a400000, 0x000000078a5ffff0, 0x000000078a600000| 99%| O|  |TAMS 0x000000078a400000, 0x000000078a400000| Untracked 
| 595|0x000000078a600000, 0x000000078a7ffff0, 0x000000078a800000| 99%| O|  |TAMS 0x000000078a600000, 0x000000078a600000| Untracked 
| 596|0x000000078a800000, 0x000000078a9ffff0, 0x000000078aa00000| 99%| O|  |TAMS 0x000000078a800000, 0x000000078a800000| Untracked 
| 597|0x000000078aa00000, 0x000000078abfffe8, 0x000000078ac00000| 99%| O|  |TAMS 0x000000078aa00000, 0x000000078aa00000| Untracked 
| 598|0x000000078ac00000, 0x000000078adfffe8, 0x000000078ae00000| 99%| O|  |TAMS 0x000000078ac00000, 0x000000078ac00000| Untracked 
| 599|0x000000078ae00000, 0x000000078affffc0, 0x000000078b000000| 99%| O|  |TAMS 0x000000078ae00000, 0x000000078ae00000| Untracked 
| 600|0x000000078b000000, 0x000000078b200000, 0x000000078b200000|100%| O|  |TAMS 0x000000078b000000, 0x000000078b000000| Untracked 
| 601|0x000000078b200000, 0x000000078b400000, 0x000000078b400000|100%| O|  |TAMS 0x000000078b200000, 0x000000078b200000| Untracked 
| 602|0x000000078b400000, 0x000000078b600000, 0x000000078b600000|100%| O|  |TAMS 0x000000078b400000, 0x000000078b400000| Untracked 
| 603|0x000000078b600000, 0x000000078b7fffb8, 0x000000078b800000| 99%| O|  |TAMS 0x000000078b600000, 0x000000078b600000| Untracked 
| 604|0x000000078b800000, 0x000000078b9ffff8, 0x000000078ba00000| 99%| O|  |TAMS 0x000000078b800000, 0x000000078b800000| Untracked 
| 605|0x000000078ba00000, 0x000000078bc00000, 0x000000078bc00000|100%| O|  |TAMS 0x000000078ba00000, 0x000000078ba00000| Untracked 
| 606|0x000000078bc00000, 0x000000078be00000, 0x000000078be00000|100%| O|  |TAMS 0x000000078bc00000, 0x000000078bc00000| Untracked 
| 607|0x000000078be00000, 0x000000078c000000, 0x000000078c000000|100%| O|  |TAMS 0x000000078be00000, 0x000000078be00000| Untracked 
| 608|0x000000078c000000, 0x000000078c1ffff0, 0x000000078c200000| 99%| O|  |TAMS 0x000000078c000000, 0x000000078c000000| Untracked 
| 609|0x000000078c200000, 0x000000078c3ffff8, 0x000000078c400000| 99%| O|  |TAMS 0x000000078c200000, 0x000000078c200000| Untracked 
| 610|0x000000078c400000, 0x000000078c600000, 0x000000078c600000|100%| O|  |TAMS 0x000000078c400000, 0x000000078c400000| Untracked 
| 611|0x000000078c600000, 0x000000078c7fffd0, 0x000000078c800000| 99%| O|  |TAMS 0x000000078c600000, 0x000000078c600000| Untracked 
| 612|0x000000078c800000, 0x000000078c9fffe8, 0x000000078ca00000| 99%| O|  |TAMS 0x000000078c800000, 0x000000078c800000| Untracked 
| 613|0x000000078ca00000, 0x000000078cc00000, 0x000000078cc00000|100%| O|  |TAMS 0x000000078ca00000, 0x000000078ca00000| Untracked 
| 614|0x000000078cc00000, 0x000000078cdffff8, 0x000000078ce00000| 99%| O|  |TAMS 0x000000078cc00000, 0x000000078cc00000| Untracked 
| 615|0x000000078ce00000, 0x000000078cfffff8, 0x000000078d000000| 99%| O|  |TAMS 0x000000078ce00000, 0x000000078ce00000| Untracked 
| 616|0x000000078d000000, 0x000000078d1fffc8, 0x000000078d200000| 99%| O|  |TAMS 0x000000078d000000, 0x000000078d000000| Untracked 
| 617|0x000000078d200000, 0x000000078d400000, 0x000000078d400000|100%| O|  |TAMS 0x000000078d200000, 0x000000078d200000| Untracked 
| 618|0x000000078d400000, 0x000000078d5fffe8, 0x000000078d600000| 99%| O|  |TAMS 0x000000078d400000, 0x000000078d400000| Untracked 
| 619|0x000000078d600000, 0x000000078d800000, 0x000000078d800000|100%| O|  |TAMS 0x000000078d600000, 0x000000078d600000| Untracked 
| 620|0x000000078d800000, 0x000000078d9ffff0, 0x000000078da00000| 99%| O|  |TAMS 0x000000078d800000, 0x000000078d800000| Untracked 
| 621|0x000000078da00000, 0x000000078dbffff8, 0x000000078dc00000| 99%| O|  |TAMS 0x000000078da00000, 0x000000078da00000| Untracked 
| 622|0x000000078dc00000, 0x000000078ddffff0, 0x000000078de00000| 99%| O|  |TAMS 0x000000078dc00000, 0x000000078dc00000| Untracked 
| 623|0x000000078de00000, 0x000000078e000000, 0x000000078e000000|100%| O|  |TAMS 0x000000078de00000, 0x000000078de00000| Untracked 
| 624|0x000000078e000000, 0x000000078e1ffff8, 0x000000078e200000| 99%| O|  |TAMS 0x000000078e000000, 0x000000078e000000| Untracked 
| 625|0x000000078e200000, 0x000000078e400000, 0x000000078e400000|100%| O|  |TAMS 0x000000078e200000, 0x000000078e200000| Untracked 
| 626|0x000000078e400000, 0x000000078e5ffff8, 0x000000078e600000| 99%| O|  |TAMS 0x000000078e400000, 0x000000078e400000| Untracked 
| 627|0x000000078e600000, 0x000000078e7ffff8, 0x000000078e800000| 99%| O|  |TAMS 0x000000078e600000, 0x000000078e600000| Untracked 
| 628|0x000000078e800000, 0x000000078e9fffe0, 0x000000078ea00000| 99%| O|  |TAMS 0x000000078e800000, 0x000000078e800000| Untracked 
| 629|0x000000078ea00000, 0x000000078ec00000, 0x000000078ec00000|100%| O|  |TAMS 0x000000078ea00000, 0x000000078ea00000| Untracked 
| 630|0x000000078ec00000, 0x000000078edffff8, 0x000000078ee00000| 99%| O|  |TAMS 0x000000078ec00000, 0x000000078ec00000| Untracked 
| 631|0x000000078ee00000, 0x000000078efffff0, 0x000000078f000000| 99%| O|  |TAMS 0x000000078ee00000, 0x000000078ee00000| Untracked 
| 632|0x000000078f000000, 0x000000078f1ffff0, 0x000000078f200000| 99%| O|  |TAMS 0x000000078f000000, 0x000000078f000000| Untracked 
| 633|0x000000078f200000, 0x000000078f400000, 0x000000078f400000|100%| O|  |TAMS 0x000000078f200000, 0x000000078f200000| Untracked 
| 634|0x000000078f400000, 0x000000078f5fffc0, 0x000000078f600000| 99%| O|  |TAMS 0x000000078f400000, 0x000000078f400000| Untracked 
| 635|0x000000078f600000, 0x000000078f7ffff0, 0x000000078f800000| 99%| O|  |TAMS 0x000000078f600000, 0x000000078f600000| Untracked 
| 636|0x000000078f800000, 0x000000078f9ffff8, 0x000000078fa00000| 99%| O|  |TAMS 0x000000078f800000, 0x000000078f800000| Untracked 
| 637|0x000000078fa00000, 0x000000078fbffff0, 0x000000078fc00000| 99%| O|  |TAMS 0x000000078fa00000, 0x000000078fa00000| Untracked 
| 638|0x000000078fc00000, 0x000000078fdffff8, 0x000000078fe00000| 99%| O|  |TAMS 0x000000078fc00000, 0x000000078fc00000| Untracked 
| 639|0x000000078fe00000, 0x000000078ffffff0, 0x0000000790000000| 99%| O|  |TAMS 0x000000078fe00000, 0x000000078fe00000| Untracked 
| 640|0x0000000790000000, 0x00000007901ffff0, 0x0000000790200000| 99%| O|  |TAMS 0x0000000790000000, 0x0000000790000000| Untracked 
| 641|0x0000000790200000, 0x00000007903ffff0, 0x0000000790400000| 99%| O|  |TAMS 0x0000000790200000, 0x0000000790200000| Untracked 
| 642|0x0000000790400000, 0x00000007905fffe0, 0x0000000790600000| 99%| O|  |TAMS 0x0000000790400000, 0x0000000790400000| Untracked 
| 643|0x0000000790600000, 0x00000007907ffff0, 0x0000000790800000| 99%| O|  |TAMS 0x0000000790600000, 0x0000000790600000| Untracked 
| 644|0x0000000790800000, 0x00000007909fffe8, 0x0000000790a00000| 99%| O|  |TAMS 0x0000000790800000, 0x0000000790800000| Untracked 
| 645|0x0000000790a00000, 0x0000000790c00000, 0x0000000790c00000|100%| O|  |TAMS 0x0000000790a00000, 0x0000000790a00000| Untracked 
| 646|0x0000000790c00000, 0x0000000790dffff0, 0x0000000790e00000| 99%| O|  |TAMS 0x0000000790c00000, 0x0000000790c00000| Untracked 
| 647|0x0000000790e00000, 0x0000000791000000, 0x0000000791000000|100%| O|  |TAMS 0x0000000790e00000, 0x0000000790e00000| Untracked 
| 648|0x0000000791000000, 0x00000007911ffff8, 0x0000000791200000| 99%| O|  |TAMS 0x0000000791000000, 0x0000000791000000| Untracked 
| 649|0x0000000791200000, 0x0000000791400000, 0x0000000791400000|100%| O|  |TAMS 0x0000000791200000, 0x0000000791200000| Untracked 
| 650|0x0000000791400000, 0x00000007915fffa8, 0x0000000791600000| 99%| O|  |TAMS 0x0000000791400000, 0x0000000791400000| Untracked 
| 651|0x0000000791600000, 0x00000007917ffff8, 0x0000000791800000| 99%| O|  |TAMS 0x0000000791600000, 0x0000000791600000| Untracked 
| 652|0x0000000791800000, 0x00000007919ffff0, 0x0000000791a00000| 99%| O|  |TAMS 0x0000000791800000, 0x0000000791800000| Untracked 
| 653|0x0000000791a00000, 0x0000000791c00000, 0x0000000791c00000|100%| O|  |TAMS 0x0000000791a00000, 0x0000000791a00000| Untracked 
| 654|0x0000000791c00000, 0x0000000791dfffb0, 0x0000000791e00000| 99%| O|  |TAMS 0x0000000791c00000, 0x0000000791c00000| Untracked 
| 655|0x0000000791e00000, 0x0000000791fffff8, 0x0000000792000000| 99%| O|  |TAMS 0x0000000791e00000, 0x0000000791e00000| Untracked 
| 656|0x0000000792000000, 0x00000007921ffff8, 0x0000000792200000| 99%| O|  |TAMS 0x0000000792000000, 0x0000000792000000| Untracked 
| 657|0x0000000792200000, 0x00000007923ffff8, 0x0000000792400000| 99%| O|  |TAMS 0x0000000792200000, 0x0000000792200000| Untracked 
| 658|0x0000000792400000, 0x00000007925ffff0, 0x0000000792600000| 99%| O|  |TAMS 0x0000000792400000, 0x0000000792400000| Untracked 
| 659|0x0000000792600000, 0x00000007927ffff8, 0x0000000792800000| 99%| O|  |TAMS 0x0000000792600000, 0x0000000792600000| Untracked 
| 660|0x0000000792800000, 0x0000000792a00000, 0x0000000792a00000|100%| O|  |TAMS 0x0000000792800000, 0x0000000792800000| Untracked 
| 661|0x0000000792a00000, 0x0000000792bffff0, 0x0000000792c00000| 99%| O|  |TAMS 0x0000000792a00000, 0x0000000792a00000| Untracked 
| 662|0x0000000792c00000, 0x0000000792dffff8, 0x0000000792e00000| 99%| O|  |TAMS 0x0000000792c00000, 0x0000000792c00000| Untracked 
| 663|0x0000000792e00000, 0x0000000792ffffc8, 0x0000000793000000| 99%| O|  |TAMS 0x0000000792e00000, 0x0000000792e00000| Untracked 
| 664|0x0000000793000000, 0x0000000793200000, 0x0000000793200000|100%| O|  |TAMS 0x0000000793000000, 0x0000000793000000| Untracked 
| 665|0x0000000793200000, 0x0000000793400000, 0x0000000793400000|100%| O|  |TAMS 0x0000000793200000, 0x0000000793200000| Untracked 
| 666|0x0000000793400000, 0x00000007935fffd8, 0x0000000793600000| 99%| O|  |TAMS 0x0000000793400000, 0x0000000793400000| Untracked 
| 667|0x0000000793600000, 0x00000007937ffff8, 0x0000000793800000| 99%| O|  |TAMS 0x0000000793600000, 0x0000000793600000| Untracked 
| 668|0x0000000793800000, 0x00000007939ffff0, 0x0000000793a00000| 99%| O|  |TAMS 0x0000000793800000, 0x0000000793800000| Untracked 
| 669|0x0000000793a00000, 0x0000000793bfffe8, 0x0000000793c00000| 99%| O|  |TAMS 0x0000000793a00000, 0x0000000793a00000| Untracked 
| 670|0x0000000793c00000, 0x0000000793dffff8, 0x0000000793e00000| 99%| O|  |TAMS 0x0000000793c00000, 0x0000000793c00000| Untracked 
| 671|0x0000000793e00000, 0x0000000794000000, 0x0000000794000000|100%| O|  |TAMS 0x0000000793e00000, 0x0000000793e00000| Untracked 
| 672|0x0000000794000000, 0x0000000794200000, 0x0000000794200000|100%| O|  |TAMS 0x0000000794000000, 0x0000000794000000| Untracked 
| 673|0x0000000794200000, 0x00000007943fffa0, 0x0000000794400000| 99%| O|  |TAMS 0x0000000794200000, 0x0000000794200000| Untracked 
| 674|0x0000000794400000, 0x0000000794600000, 0x0000000794600000|100%| O|  |TAMS 0x0000000794400000, 0x0000000794400000| Untracked 
| 675|0x0000000794600000, 0x00000007947fffd8, 0x0000000794800000| 99%| O|  |TAMS 0x0000000794600000, 0x0000000794600000| Untracked 
| 676|0x0000000794800000, 0x0000000794a00000, 0x0000000794a00000|100%| O|  |TAMS 0x0000000794800000, 0x0000000794800000| Untracked 
| 677|0x0000000794a00000, 0x0000000794c00000, 0x0000000794c00000|100%| O|  |TAMS 0x0000000794a00000, 0x0000000794a00000| Untracked 
| 678|0x0000000794c00000, 0x0000000794dfff80, 0x0000000794e00000| 99%| O|  |TAMS 0x0000000794c00000, 0x0000000794c00000| Untracked 
| 679|0x0000000794e00000, 0x0000000794fffff0, 0x0000000795000000| 99%| O|  |TAMS 0x0000000794e00000, 0x0000000794e00000| Untracked 
| 680|0x0000000795000000, 0x00000007951fffe0, 0x0000000795200000| 99%| O|  |TAMS 0x0000000795000000, 0x0000000795000000| Untracked 
| 681|0x0000000795200000, 0x00000007953ffff0, 0x0000000795400000| 99%| O|  |TAMS 0x0000000795200000, 0x0000000795200000| Untracked 
| 682|0x0000000795400000, 0x00000007955ffff8, 0x0000000795600000| 99%| O|  |TAMS 0x0000000795400000, 0x0000000795400000| Untracked 
| 683|0x0000000795600000, 0x00000007957fffe8, 0x0000000795800000| 99%| O|  |TAMS 0x0000000795600000, 0x0000000795600000| Untracked 
| 684|0x0000000795800000, 0x00000007959ffff8, 0x0000000795a00000| 99%| O|  |TAMS 0x0000000795800000, 0x0000000795800000| Untracked 
| 685|0x0000000795a00000, 0x0000000795bffff0, 0x0000000795c00000| 99%| O|  |TAMS 0x0000000795a00000, 0x0000000795a00000| Untracked 
| 686|0x0000000795c00000, 0x0000000795dffff0, 0x0000000795e00000| 99%| O|  |TAMS 0x0000000795c00000, 0x0000000795c00000| Untracked 
| 687|0x0000000795e00000, 0x0000000795fffff8, 0x0000000796000000| 99%| O|  |TAMS 0x0000000795e00000, 0x0000000795e00000| Untracked 
| 688|0x0000000796000000, 0x00000007961ffff8, 0x0000000796200000| 99%| O|  |TAMS 0x0000000796000000, 0x0000000796000000| Untracked 
| 689|0x0000000796200000, 0x0000000796400000, 0x0000000796400000|100%| O|  |TAMS 0x0000000796200000, 0x0000000796200000| Untracked 
| 690|0x0000000796400000, 0x0000000796600000, 0x0000000796600000|100%| O|  |TAMS 0x0000000796400000, 0x0000000796400000| Untracked 
| 691|0x0000000796600000, 0x0000000796800000, 0x0000000796800000|100%| O|  |TAMS 0x0000000796600000, 0x0000000796600000| Untracked 
| 692|0x0000000796800000, 0x00000007969ffff8, 0x0000000796a00000| 99%| O|  |TAMS 0x0000000796800000, 0x0000000796800000| Untracked 
| 693|0x0000000796a00000, 0x0000000796bffff8, 0x0000000796c00000| 99%| O|  |TAMS 0x0000000796a00000, 0x0000000796a00000| Untracked 
| 694|0x0000000796c00000, 0x0000000796dfffe8, 0x0000000796e00000| 99%| O|  |TAMS 0x0000000796c00000, 0x0000000796c00000| Untracked 
| 695|0x0000000796e00000, 0x0000000796fffff0, 0x0000000797000000| 99%| O|  |TAMS 0x0000000796e00000, 0x0000000796e00000| Untracked 
| 696|0x0000000797000000, 0x0000000797200000, 0x0000000797200000|100%| O|  |TAMS 0x0000000797000000, 0x0000000797000000| Untracked 
| 697|0x0000000797200000, 0x00000007973fffc8, 0x0000000797400000| 99%| O|  |TAMS 0x0000000797200000, 0x0000000797200000| Untracked 
| 698|0x0000000797400000, 0x0000000797600000, 0x0000000797600000|100%| O|  |TAMS 0x0000000797400000, 0x0000000797400000| Untracked 
| 699|0x0000000797600000, 0x00000007977ffff0, 0x0000000797800000| 99%| O|  |TAMS 0x0000000797600000, 0x0000000797600000| Untracked 
| 700|0x0000000797800000, 0x00000007979ffff8, 0x0000000797a00000| 99%| O|  |TAMS 0x0000000797800000, 0x0000000797800000| Untracked 
| 701|0x0000000797a00000, 0x0000000797bffff0, 0x0000000797c00000| 99%| O|  |TAMS 0x0000000797a00000, 0x0000000797a00000| Untracked 
| 702|0x0000000797c00000, 0x0000000797dfffb0, 0x0000000797e00000| 99%| O|  |TAMS 0x0000000797c00000, 0x0000000797c00000| Untracked 
| 703|0x0000000797e00000, 0x0000000797fffff0, 0x0000000798000000| 99%| O|  |TAMS 0x0000000797e00000, 0x0000000797e00000| Untracked 
| 704|0x0000000798000000, 0x00000007981ffff0, 0x0000000798200000| 99%| O|  |TAMS 0x0000000798000000, 0x0000000798000000| Untracked 
| 705|0x0000000798200000, 0x00000007983fffe0, 0x0000000798400000| 99%| O|  |TAMS 0x0000000798200000, 0x0000000798200000| Untracked 
| 706|0x0000000798400000, 0x0000000798600000, 0x0000000798600000|100%| O|  |TAMS 0x0000000798400000, 0x0000000798400000| Untracked 
| 707|0x0000000798600000, 0x00000007987ffff0, 0x0000000798800000| 99%| O|  |TAMS 0x0000000798600000, 0x0000000798600000| Untracked 
| 708|0x0000000798800000, 0x00000007989fffe8, 0x0000000798a00000| 99%| O|  |TAMS 0x0000000798800000, 0x0000000798800000| Untracked 
| 709|0x0000000798a00000, 0x0000000798bfffe8, 0x0000000798c00000| 99%| O|  |TAMS 0x0000000798a00000, 0x0000000798a00000| Untracked 
| 710|0x0000000798c00000, 0x0000000798dfffa8, 0x0000000798e00000| 99%| O|  |TAMS 0x0000000798c00000, 0x0000000798c00000| Untracked 
| 711|0x0000000798e00000, 0x0000000799000000, 0x0000000799000000|100%| O|  |TAMS 0x0000000798e00000, 0x0000000798e00000| Untracked 
| 712|0x0000000799000000, 0x00000007991ffff0, 0x0000000799200000| 99%| O|  |TAMS 0x0000000799000000, 0x0000000799000000| Untracked 
| 713|0x0000000799200000, 0x00000007993ffff0, 0x0000000799400000| 99%| O|  |TAMS 0x0000000799200000, 0x0000000799200000| Untracked 
| 714|0x0000000799400000, 0x00000007995fffe8, 0x0000000799600000| 99%| O|  |TAMS 0x0000000799400000, 0x0000000799400000| Untracked 
| 715|0x0000000799600000, 0x00000007997fffb8, 0x0000000799800000| 99%| O|  |TAMS 0x0000000799600000, 0x0000000799600000| Untracked 
| 716|0x0000000799800000, 0x00000007999ffff8, 0x0000000799a00000| 99%| O|  |TAMS 0x0000000799800000, 0x0000000799800000| Untracked 
| 717|0x0000000799a00000, 0x0000000799bfff98, 0x0000000799c00000| 99%| O|  |TAMS 0x0000000799a00000, 0x0000000799a00000| Untracked 
| 718|0x0000000799c00000, 0x0000000799dffff8, 0x0000000799e00000| 99%| O|  |TAMS 0x0000000799c00000, 0x0000000799c00000| Untracked 
| 719|0x0000000799e00000, 0x0000000799fffff0, 0x000000079a000000| 99%| O|  |TAMS 0x0000000799e00000, 0x0000000799e00000| Untracked 
| 720|0x000000079a000000, 0x000000079a1ffff0, 0x000000079a200000| 99%| O|  |TAMS 0x000000079a000000, 0x000000079a000000| Untracked 
| 721|0x000000079a200000, 0x000000079a400000, 0x000000079a400000|100%| O|  |TAMS 0x000000079a200000, 0x000000079a200000| Untracked 
| 722|0x000000079a400000, 0x000000079a5fffc0, 0x000000079a600000| 99%| O|  |TAMS 0x000000079a400000, 0x000000079a400000| Untracked 
| 723|0x000000079a600000, 0x000000079a800000, 0x000000079a800000|100%| O|  |TAMS 0x000000079a600000, 0x000000079a600000| Untracked 
| 724|0x000000079a800000, 0x000000079aa00000, 0x000000079aa00000|100%| O|  |TAMS 0x000000079a800000, 0x000000079a800000| Untracked 
| 725|0x000000079aa00000, 0x000000079abffff0, 0x000000079ac00000| 99%| O|  |TAMS 0x000000079aa00000, 0x000000079aa00000| Untracked 
| 726|0x000000079ac00000, 0x000000079ae00000, 0x000000079ae00000|100%| O|  |TAMS 0x000000079ac00000, 0x000000079ac00000| Untracked 
| 727|0x000000079ae00000, 0x000000079afffff8, 0x000000079b000000| 99%| O|  |TAMS 0x000000079ae00000, 0x000000079ae00000| Untracked 
| 728|0x000000079b000000, 0x000000079b1ffff8, 0x000000079b200000| 99%| O|  |TAMS 0x000000079b000000, 0x000000079b000000| Untracked 
| 729|0x000000079b200000, 0x000000079b400000, 0x000000079b400000|100%| O|  |TAMS 0x000000079b200000, 0x000000079b200000| Untracked 
| 730|0x000000079b400000, 0x000000079b5ffff8, 0x000000079b600000| 99%| O|  |TAMS 0x000000079b400000, 0x000000079b400000| Untracked 
| 731|0x000000079b600000, 0x000000079b7fffd0, 0x000000079b800000| 99%| O|  |TAMS 0x000000079b600000, 0x000000079b600000| Untracked 
| 732|0x000000079b800000, 0x000000079b9ffff8, 0x000000079ba00000| 99%| O|  |TAMS 0x000000079b800000, 0x000000079b800000| Untracked 
| 733|0x000000079ba00000, 0x000000079bbffff0, 0x000000079bc00000| 99%| O|  |TAMS 0x000000079ba00000, 0x000000079ba00000| Untracked 
| 734|0x000000079bc00000, 0x000000079bdfffe8, 0x000000079be00000| 99%| O|  |TAMS 0x000000079bc00000, 0x000000079bc00000| Untracked 
| 735|0x000000079be00000, 0x000000079bffff98, 0x000000079c000000| 99%| O|  |TAMS 0x000000079be00000, 0x000000079be00000| Untracked 
| 736|0x000000079c000000, 0x000000079c1fffe0, 0x000000079c200000| 99%| O|  |TAMS 0x000000079c000000, 0x000000079c000000| Untracked 
| 737|0x000000079c200000, 0x000000079c400000, 0x000000079c400000|100%| O|  |TAMS 0x000000079c200000, 0x000000079c200000| Untracked 
| 738|0x000000079c400000, 0x000000079c5fffe8, 0x000000079c600000| 99%| O|  |TAMS 0x000000079c400000, 0x000000079c400000| Untracked 
| 739|0x000000079c600000, 0x000000079c7fffc0, 0x000000079c800000| 99%| O|  |TAMS 0x000000079c600000, 0x000000079c600000| Untracked 
| 740|0x000000079c800000, 0x000000079c9ffff0, 0x000000079ca00000| 99%| O|  |TAMS 0x000000079c800000, 0x000000079c800000| Untracked 
| 741|0x000000079ca00000, 0x000000079cbffff0, 0x000000079cc00000| 99%| O|  |TAMS 0x000000079ca00000, 0x000000079ca00000| Untracked 
| 742|0x000000079cc00000, 0x000000079cdffff8, 0x000000079ce00000| 99%| O|  |TAMS 0x000000079cc00000, 0x000000079cc00000| Untracked 
| 743|0x000000079ce00000, 0x000000079cffffa0, 0x000000079d000000| 99%| O|  |TAMS 0x000000079ce00000, 0x000000079ce00000| Untracked 
| 744|0x000000079d000000, 0x000000079d1fff98, 0x000000079d200000| 99%| O|  |TAMS 0x000000079d000000, 0x000000079d000000| Untracked 
| 745|0x000000079d200000, 0x000000079d3fffe8, 0x000000079d400000| 99%| O|  |TAMS 0x000000079d200000, 0x000000079d200000| Untracked 
| 746|0x000000079d400000, 0x000000079d5ffff8, 0x000000079d600000| 99%| O|  |TAMS 0x000000079d400000, 0x000000079d400000| Untracked 
| 747|0x000000079d600000, 0x000000079d800000, 0x000000079d800000|100%| O|  |TAMS 0x000000079d600000, 0x000000079d600000| Untracked 
| 748|0x000000079d800000, 0x000000079d9ffff0, 0x000000079da00000| 99%| O|  |TAMS 0x000000079d800000, 0x000000079d800000| Untracked 
| 749|0x000000079da00000, 0x000000079dbffff8, 0x000000079dc00000| 99%| O|  |TAMS 0x000000079da00000, 0x000000079da00000| Untracked 
| 750|0x000000079dc00000, 0x000000079ddffff8, 0x000000079de00000| 99%| O|  |TAMS 0x000000079dc00000, 0x000000079dc00000| Untracked 
| 751|0x000000079de00000, 0x000000079dfffff0, 0x000000079e000000| 99%| O|  |TAMS 0x000000079de00000, 0x000000079de00000| Untracked 
| 752|0x000000079e000000, 0x000000079e1ffff0, 0x000000079e200000| 99%| O|  |TAMS 0x000000079e000000, 0x000000079e000000| Untracked 
| 753|0x000000079e200000, 0x000000079e3ffff0, 0x000000079e400000| 99%| O|  |TAMS 0x000000079e200000, 0x000000079e200000| Untracked 
| 754|0x000000079e400000, 0x000000079e600000, 0x000000079e600000|100%| O|  |TAMS 0x000000079e400000, 0x000000079e400000| Untracked 
| 755|0x000000079e600000, 0x000000079e7fffe0, 0x000000079e800000| 99%| O|  |TAMS 0x000000079e600000, 0x000000079e600000| Untracked 
| 756|0x000000079e800000, 0x000000079ea00000, 0x000000079ea00000|100%| O|  |TAMS 0x000000079e800000, 0x000000079e800000| Untracked 
| 757|0x000000079ea00000, 0x000000079ec00000, 0x000000079ec00000|100%| O|  |TAMS 0x000000079ea00000, 0x000000079ea00000| Untracked 
| 758|0x000000079ec00000, 0x000000079edffff0, 0x000000079ee00000| 99%| O|  |TAMS 0x000000079ec00000, 0x000000079ec00000| Untracked 
| 759|0x000000079ee00000, 0x000000079f000000, 0x000000079f000000|100%| O|  |TAMS 0x000000079ee00000, 0x000000079ee00000| Untracked 
| 760|0x000000079f000000, 0x000000079f1ffff0, 0x000000079f200000| 99%| O|  |TAMS 0x000000079f000000, 0x000000079f000000| Untracked 
| 761|0x000000079f200000, 0x000000079f3fffc8, 0x000000079f400000| 99%| O|  |TAMS 0x000000079f200000, 0x000000079f200000| Untracked 
| 762|0x000000079f400000, 0x000000079f5ffff8, 0x000000079f600000| 99%| O|  |TAMS 0x000000079f400000, 0x000000079f400000| Untracked 
| 763|0x000000079f600000, 0x000000079f7ffff8, 0x000000079f800000| 99%| O|  |TAMS 0x000000079f600000, 0x000000079f600000| Untracked 
| 764|0x000000079f800000, 0x000000079f9ffff8, 0x000000079fa00000| 99%| O|  |TAMS 0x000000079f800000, 0x000000079f800000| Untracked 
| 765|0x000000079fa00000, 0x000000079fbffff0, 0x000000079fc00000| 99%| O|  |TAMS 0x000000079fa00000, 0x000000079fa00000| Untracked 
| 766|0x000000079fc00000, 0x000000079fdfff98, 0x000000079fe00000| 99%| O|  |TAMS 0x000000079fc00000, 0x000000079fc00000| Untracked 
| 767|0x000000079fe00000, 0x000000079fffffe0, 0x00000007a0000000| 99%| O|  |TAMS 0x000000079fe00000, 0x000000079fe00000| Untracked 
| 768|0x00000007a0000000, 0x00000007a01ffff0, 0x00000007a0200000| 99%| O|  |TAMS 0x00000007a0000000, 0x00000007a0000000| Untracked 
| 769|0x00000007a0200000, 0x00000007a03fff70, 0x00000007a0400000| 99%| O|  |TAMS 0x00000007a0200000, 0x00000007a0200000| Untracked 
| 770|0x00000007a0400000, 0x00000007a05fffe0, 0x00000007a0600000| 99%| O|  |TAMS 0x00000007a0400000, 0x00000007a0400000| Untracked 
| 771|0x00000007a0600000, 0x00000007a07ffff8, 0x00000007a0800000| 99%| O|  |TAMS 0x00000007a0600000, 0x00000007a0600000| Untracked 
| 772|0x00000007a0800000, 0x00000007a09ffff8, 0x00000007a0a00000| 99%| O|  |TAMS 0x00000007a0800000, 0x00000007a0800000| Untracked 
| 773|0x00000007a0a00000, 0x00000007a0bfff98, 0x00000007a0c00000| 99%| O|  |TAMS 0x00000007a0a00000, 0x00000007a0a00000| Untracked 
| 774|0x00000007a0c00000, 0x00000007a0dfffe8, 0x00000007a0e00000| 99%| O|  |TAMS 0x00000007a0c00000, 0x00000007a0c00000| Untracked 
| 775|0x00000007a0e00000, 0x00000007a0ffffe8, 0x00000007a1000000| 99%| O|  |TAMS 0x00000007a0e00000, 0x00000007a0e00000| Untracked 
| 776|0x00000007a1000000, 0x00000007a11fff70, 0x00000007a1200000| 99%| O|  |TAMS 0x00000007a1000000, 0x00000007a1000000| Untracked 
| 777|0x00000007a1200000, 0x00000007a13ffff8, 0x00000007a1400000| 99%| O|  |TAMS 0x00000007a1200000, 0x00000007a1200000| Untracked 
| 778|0x00000007a1400000, 0x00000007a15ffff0, 0x00000007a1600000| 99%| O|  |TAMS 0x00000007a1400000, 0x00000007a1400000| Untracked 
| 779|0x00000007a1600000, 0x00000007a17fffe0, 0x00000007a1800000| 99%| O|  |TAMS 0x00000007a1600000, 0x00000007a1600000| Untracked 
| 780|0x00000007a1800000, 0x00000007a1a00000, 0x00000007a1a00000|100%| O|  |TAMS 0x00000007a1800000, 0x00000007a1800000| Untracked 
| 781|0x00000007a1a00000, 0x00000007a1c00000, 0x00000007a1c00000|100%| O|  |TAMS 0x00000007a1a00000, 0x00000007a1a00000| Untracked 
| 782|0x00000007a1c00000, 0x00000007a1dffff8, 0x00000007a1e00000| 99%| O|  |TAMS 0x00000007a1c00000, 0x00000007a1c00000| Untracked 
| 783|0x00000007a1e00000, 0x00000007a1fffff0, 0x00000007a2000000| 99%| O|  |TAMS 0x00000007a1e00000, 0x00000007a1e00000| Untracked 
| 784|0x00000007a2000000, 0x00000007a21fff68, 0x00000007a2200000| 99%| O|  |TAMS 0x00000007a2000000, 0x00000007a2000000| Untracked 
| 785|0x00000007a2200000, 0x00000007a23ffff8, 0x00000007a2400000| 99%| O|  |TAMS 0x00000007a2200000, 0x00000007a2200000| Untracked 
| 786|0x00000007a2400000, 0x00000007a25ffff0, 0x00000007a2600000| 99%| O|  |TAMS 0x00000007a2400000, 0x00000007a2400000| Untracked 
| 787|0x00000007a2600000, 0x00000007a27fffe0, 0x00000007a2800000| 99%| O|  |TAMS 0x00000007a2600000, 0x00000007a2600000| Untracked 
| 788|0x00000007a2800000, 0x00000007a29ffff8, 0x00000007a2a00000| 99%| O|  |TAMS 0x00000007a2800000, 0x00000007a2800000| Untracked 
| 789|0x00000007a2a00000, 0x00000007a2bffff0, 0x00000007a2c00000| 99%| O|  |TAMS 0x00000007a2a00000, 0x00000007a2a00000| Untracked 
| 790|0x00000007a2c00000, 0x00000007a2dfffe0, 0x00000007a2e00000| 99%| O|  |TAMS 0x00000007a2c00000, 0x00000007a2c00000| Untracked 
| 791|0x00000007a2e00000, 0x00000007a3000000, 0x00000007a3000000|100%| O|  |TAMS 0x00000007a2e00000, 0x00000007a2e00000| Untracked 
| 792|0x00000007a3000000, 0x00000007a3200000, 0x00000007a3200000|100%| O|  |TAMS 0x00000007a3000000, 0x00000007a3000000| Untracked 
| 793|0x00000007a3200000, 0x00000007a3400000, 0x00000007a3400000|100%| O|  |TAMS 0x00000007a3200000, 0x00000007a3200000| Untracked 
| 794|0x00000007a3400000, 0x00000007a35ffff0, 0x00000007a3600000| 99%| O|  |TAMS 0x00000007a3400000, 0x00000007a3400000| Untracked 
| 795|0x00000007a3600000, 0x00000007a37ffff0, 0x00000007a3800000| 99%| O|  |TAMS 0x00000007a3600000, 0x00000007a3600000| Untracked 
| 796|0x00000007a3800000, 0x00000007a39ffff0, 0x00000007a3a00000| 99%| O|  |TAMS 0x00000007a3800000, 0x00000007a3800000| Untracked 
| 797|0x00000007a3a00000, 0x00000007a3bfffc0, 0x00000007a3c00000| 99%| O|  |TAMS 0x00000007a3a00000, 0x00000007a3a00000| Untracked 
| 798|0x00000007a3c00000, 0x00000007a3e00000, 0x00000007a3e00000|100%| O|  |TAMS 0x00000007a3c00000, 0x00000007a3c00000| Untracked 
| 799|0x00000007a3e00000, 0x00000007a3fffff8, 0x00000007a4000000| 99%| O|  |TAMS 0x00000007a3e00000, 0x00000007a3e00000| Untracked 
| 800|0x00000007a4000000, 0x00000007a41fffb8, 0x00000007a4200000| 99%| O|  |TAMS 0x00000007a4000000, 0x00000007a4000000| Untracked 
| 801|0x00000007a4200000, 0x00000007a4400000, 0x00000007a4400000|100%| O|  |TAMS 0x00000007a4200000, 0x00000007a4200000| Untracked 
| 802|0x00000007a4400000, 0x00000007a45ffff0, 0x00000007a4600000| 99%| O|  |TAMS 0x00000007a4400000, 0x00000007a4400000| Untracked 
| 803|0x00000007a4600000, 0x00000007a47ffff8, 0x00000007a4800000| 99%| O|  |TAMS 0x00000007a4600000, 0x00000007a4600000| Untracked 
| 804|0x00000007a4800000, 0x00000007a4a00000, 0x00000007a4a00000|100%| O|  |TAMS 0x00000007a4800000, 0x00000007a4800000| Untracked 
| 805|0x00000007a4a00000, 0x00000007a4bfffe8, 0x00000007a4c00000| 99%| O|  |TAMS 0x00000007a4a00000, 0x00000007a4a00000| Untracked 
| 806|0x00000007a4c00000, 0x00000007a4e00000, 0x00000007a4e00000|100%| O|  |TAMS 0x00000007a4c00000, 0x00000007a4c00000| Untracked 
| 807|0x00000007a4e00000, 0x00000007a4fffff8, 0x00000007a5000000| 99%| O|  |TAMS 0x00000007a4e00000, 0x00000007a4e00000| Untracked 
| 808|0x00000007a5000000, 0x00000007a51ffff8, 0x00000007a5200000| 99%| O|  |TAMS 0x00000007a5000000, 0x00000007a5000000| Untracked 
| 809|0x00000007a5200000, 0x00000007a53ffff0, 0x00000007a5400000| 99%| O|  |TAMS 0x00000007a5200000, 0x00000007a5200000| Untracked 
| 810|0x00000007a5400000, 0x00000007a55fffa0, 0x00000007a5600000| 99%| O|  |TAMS 0x00000007a5400000, 0x00000007a5400000| Untracked 
| 811|0x00000007a5600000, 0x00000007a5800000, 0x00000007a5800000|100%| O|  |TAMS 0x00000007a5600000, 0x00000007a5600000| Untracked 
| 812|0x00000007a5800000, 0x00000007a5a00000, 0x00000007a5a00000|100%| O|  |TAMS 0x00000007a5800000, 0x00000007a5800000| Untracked 
| 813|0x00000007a5a00000, 0x00000007a5c00000, 0x00000007a5c00000|100%| O|  |TAMS 0x00000007a5a00000, 0x00000007a5a00000| Untracked 
| 814|0x00000007a5c00000, 0x00000007a5e00000, 0x00000007a5e00000|100%| O|  |TAMS 0x00000007a5c00000, 0x00000007a5c00000| Untracked 
| 815|0x00000007a5e00000, 0x00000007a6000000, 0x00000007a6000000|100%| O|  |TAMS 0x00000007a5e00000, 0x00000007a5e00000| Untracked 
| 816|0x00000007a6000000, 0x00000007a6200000, 0x00000007a6200000|100%| O|  |TAMS 0x00000007a6000000, 0x00000007a6000000| Untracked 
| 817|0x00000007a6200000, 0x00000007a63ffff0, 0x00000007a6400000| 99%| O|  |TAMS 0x00000007a6200000, 0x00000007a6200000| Untracked 
| 818|0x00000007a6400000, 0x00000007a65ffff8, 0x00000007a6600000| 99%| O|  |TAMS 0x00000007a6400000, 0x00000007a6400000| Untracked 
| 819|0x00000007a6600000, 0x00000007a67ffff8, 0x00000007a6800000| 99%| O|  |TAMS 0x00000007a6600000, 0x00000007a6600000| Untracked 
| 820|0x00000007a6800000, 0x00000007a6a00000, 0x00000007a6a00000|100%| O|  |TAMS 0x00000007a6800000, 0x00000007a6800000| Untracked 
| 821|0x00000007a6a00000, 0x00000007a6bfff68, 0x00000007a6c00000| 99%| O|  |TAMS 0x00000007a6a00000, 0x00000007a6a00000| Untracked 
| 822|0x00000007a6c00000, 0x00000007a6dffff8, 0x00000007a6e00000| 99%| O|  |TAMS 0x00000007a6c00000, 0x00000007a6c00000| Untracked 
| 823|0x00000007a6e00000, 0x00000007a7000000, 0x00000007a7000000|100%| O|  |TAMS 0x00000007a6e00000, 0x00000007a6e00000| Untracked 
| 824|0x00000007a7000000, 0x00000007a7200000, 0x00000007a7200000|100%| O|  |TAMS 0x00000007a7000000, 0x00000007a7000000| Untracked 
| 825|0x00000007a7200000, 0x00000007a73ffff0, 0x00000007a7400000| 99%| O|  |TAMS 0x00000007a7200000, 0x00000007a7200000| Untracked 
| 826|0x00000007a7400000, 0x00000007a75ffff8, 0x00000007a7600000| 99%| O|  |TAMS 0x00000007a7400000, 0x00000007a7400000| Untracked 
| 827|0x00000007a7600000, 0x00000007a77fff68, 0x00000007a7800000| 99%| O|  |TAMS 0x00000007a7600000, 0x00000007a7600000| Untracked 
| 828|0x00000007a7800000, 0x00000007a79fffc0, 0x00000007a7a00000| 99%| O|  |TAMS 0x00000007a7800000, 0x00000007a7800000| Untracked 
| 829|0x00000007a7a00000, 0x00000007a7bffff0, 0x00000007a7c00000| 99%| O|  |TAMS 0x00000007a7a00000, 0x00000007a7a00000| Untracked 
| 830|0x00000007a7c00000, 0x00000007a7dfffe8, 0x00000007a7e00000| 99%| O|  |TAMS 0x00000007a7c00000, 0x00000007a7c00000| Untracked 
| 831|0x00000007a7e00000, 0x00000007a7ffffe8, 0x00000007a8000000| 99%| O|  |TAMS 0x00000007a7e00000, 0x00000007a7e00000| Untracked 
| 832|0x00000007a8000000, 0x00000007a81ffff0, 0x00000007a8200000| 99%| O|  |TAMS 0x00000007a8000000, 0x00000007a8000000| Untracked 
| 833|0x00000007a8200000, 0x00000007a83ffff8, 0x00000007a8400000| 99%| O|  |TAMS 0x00000007a8200000, 0x00000007a8200000| Untracked 
| 834|0x00000007a8400000, 0x00000007a85ffff0, 0x00000007a8600000| 99%| O|  |TAMS 0x00000007a8400000, 0x00000007a8400000| Untracked 
| 835|0x00000007a8600000, 0x00000007a87fff68, 0x00000007a8800000| 99%| O|  |TAMS 0x00000007a8600000, 0x00000007a8600000| Untracked 
| 836|0x00000007a8800000, 0x00000007a89fffe0, 0x00000007a8a00000| 99%| O|  |TAMS 0x00000007a8800000, 0x00000007a8800000| Untracked 
| 837|0x00000007a8a00000, 0x00000007a8c00000, 0x00000007a8c00000|100%| O|  |TAMS 0x00000007a8a00000, 0x00000007a8a00000| Untracked 
| 838|0x00000007a8c00000, 0x00000007a8dffff8, 0x00000007a8e00000| 99%| O|  |TAMS 0x00000007a8c00000, 0x00000007a8c00000| Untracked 
| 839|0x00000007a8e00000, 0x00000007a8ffffe8, 0x00000007a9000000| 99%| O|  |TAMS 0x00000007a8e00000, 0x00000007a8e00000| Untracked 
| 840|0x00000007a9000000, 0x00000007a91ffff8, 0x00000007a9200000| 99%| O|  |TAMS 0x00000007a9000000, 0x00000007a9000000| Untracked 
| 841|0x00000007a9200000, 0x00000007a93fffb8, 0x00000007a9400000| 99%| O|  |TAMS 0x00000007a9200000, 0x00000007a9200000| Untracked 
| 842|0x00000007a9400000, 0x00000007a9600000, 0x00000007a9600000|100%| O|  |TAMS 0x00000007a9400000, 0x00000007a9400000| Untracked 
| 843|0x00000007a9600000, 0x00000007a97ffff0, 0x00000007a9800000| 99%| O|  |TAMS 0x00000007a9600000, 0x00000007a9600000| Untracked 
| 844|0x00000007a9800000, 0x00000007a9a00000, 0x00000007a9a00000|100%| O|  |TAMS 0x00000007a9800000, 0x00000007a9800000| Untracked 
| 845|0x00000007a9a00000, 0x00000007a9bffff0, 0x00000007a9c00000| 99%| O|  |TAMS 0x00000007a9a00000, 0x00000007a9a00000| Untracked 
| 846|0x00000007a9c00000, 0x00000007a9dffff0, 0x00000007a9e00000| 99%| O|  |TAMS 0x00000007a9c00000, 0x00000007a9c00000| Untracked 
| 847|0x00000007a9e00000, 0x00000007aa000000, 0x00000007aa000000|100%| O|  |TAMS 0x00000007a9e00000, 0x00000007a9e00000| Untracked 
| 848|0x00000007aa000000, 0x00000007aa1ffff0, 0x00000007aa200000| 99%| O|  |TAMS 0x00000007aa000000, 0x00000007aa000000| Untracked 
| 849|0x00000007aa200000, 0x00000007aa3fff98, 0x00000007aa400000| 99%| O|  |TAMS 0x00000007aa200000, 0x00000007aa200000| Untracked 
| 850|0x00000007aa400000, 0x00000007aa5fff98, 0x00000007aa600000| 99%| O|  |TAMS 0x00000007aa400000, 0x00000007aa400000| Untracked 
| 851|0x00000007aa600000, 0x00000007aa7ffff8, 0x00000007aa800000| 99%| O|  |TAMS 0x00000007aa600000, 0x00000007aa600000| Untracked 
| 852|0x00000007aa800000, 0x00000007aa9ffff0, 0x00000007aaa00000| 99%| O|  |TAMS 0x00000007aa800000, 0x00000007aa800000| Untracked 
| 853|0x00000007aaa00000, 0x00000007aac00000, 0x00000007aac00000|100%| O|  |TAMS 0x00000007aaa00000, 0x00000007aaa00000| Untracked 
| 854|0x00000007aac00000, 0x00000007aadfffe0, 0x00000007aae00000| 99%| O|  |TAMS 0x00000007aac00000, 0x00000007aac00000| Untracked 
| 855|0x00000007aae00000, 0x00000007aaffffa8, 0x00000007ab000000| 99%| O|  |TAMS 0x00000007aae00000, 0x00000007aae00000| Untracked 
| 856|0x00000007ab000000, 0x00000007ab1fffc8, 0x00000007ab200000| 99%| O|  |TAMS 0x00000007ab000000, 0x00000007ab000000| Untracked 
| 857|0x00000007ab200000, 0x00000007ab3fffe0, 0x00000007ab400000| 99%| O|  |TAMS 0x00000007ab200000, 0x00000007ab200000| Untracked 
| 858|0x00000007ab400000, 0x00000007ab5ffff8, 0x00000007ab600000| 99%| O|  |TAMS 0x00000007ab400000, 0x00000007ab400000| Untracked 
| 859|0x00000007ab600000, 0x00000007ab7ffff0, 0x00000007ab800000| 99%| O|  |TAMS 0x00000007ab600000, 0x00000007ab600000| Untracked 
| 860|0x00000007ab800000, 0x00000007aba00000, 0x00000007aba00000|100%| O|  |TAMS 0x00000007ab800000, 0x00000007ab800000| Untracked 
| 861|0x00000007aba00000, 0x00000007abc00000, 0x00000007abc00000|100%| O|  |TAMS 0x00000007aba00000, 0x00000007aba00000| Untracked 
| 862|0x00000007abc00000, 0x00000007abe00000, 0x00000007abe00000|100%| O|  |TAMS 0x00000007abc00000, 0x00000007abc00000| Untracked 
| 863|0x00000007abe00000, 0x00000007abfffff8, 0x00000007ac000000| 99%| O|  |TAMS 0x00000007abe00000, 0x00000007abe00000| Untracked 
| 864|0x00000007ac000000, 0x00000007ac1fffe0, 0x00000007ac200000| 99%| O|  |TAMS 0x00000007ac000000, 0x00000007ac000000| Untracked 
| 865|0x00000007ac200000, 0x00000007ac3fffe0, 0x00000007ac400000| 99%| O|  |TAMS 0x00000007ac200000, 0x00000007ac200000| Untracked 
| 866|0x00000007ac400000, 0x00000007ac5fffe0, 0x00000007ac600000| 99%| O|  |TAMS 0x00000007ac400000, 0x00000007ac400000| Untracked 
| 867|0x00000007ac600000, 0x00000007ac7ffff8, 0x00000007ac800000| 99%| O|  |TAMS 0x00000007ac600000, 0x00000007ac600000| Untracked 
| 868|0x00000007ac800000, 0x00000007ac9ffff8, 0x00000007aca00000| 99%| O|  |TAMS 0x00000007ac800000, 0x00000007ac800000| Untracked 
| 869|0x00000007aca00000, 0x00000007acbffff8, 0x00000007acc00000| 99%| O|  |TAMS 0x00000007aca00000, 0x00000007aca00000| Untracked 
| 870|0x00000007acc00000, 0x00000007acdfffc0, 0x00000007ace00000| 99%| O|  |TAMS 0x00000007acc00000, 0x00000007acc00000| Untracked 
| 871|0x00000007ace00000, 0x00000007acffffe8, 0x00000007ad000000| 99%| O|  |TAMS 0x00000007ace00000, 0x00000007ace00000| Untracked 
| 872|0x00000007ad000000, 0x00000007ad200000, 0x00000007ad200000|100%| O|  |TAMS 0x00000007ad000000, 0x00000007ad000000| Untracked 
| 873|0x00000007ad200000, 0x00000007ad3fffe8, 0x00000007ad400000| 99%| O|  |TAMS 0x00000007ad200000, 0x00000007ad200000| Untracked 
| 874|0x00000007ad400000, 0x00000007ad5fffb8, 0x00000007ad600000| 99%| O|  |TAMS 0x00000007ad400000, 0x00000007ad400000| Untracked 
| 875|0x00000007ad600000, 0x00000007ad7ffff8, 0x00000007ad800000| 99%| O|  |TAMS 0x00000007ad600000, 0x00000007ad600000| Untracked 
| 876|0x00000007ad800000, 0x00000007ad9ffff8, 0x00000007ada00000| 99%| O|  |TAMS 0x00000007ad800000, 0x00000007ad800000| Untracked 
| 877|0x00000007ada00000, 0x00000007adbffff8, 0x00000007adc00000| 99%| O|  |TAMS 0x00000007ada00000, 0x00000007ada00000| Untracked 
| 878|0x00000007adc00000, 0x00000007addffff8, 0x00000007ade00000| 99%| O|  |TAMS 0x00000007adc00000, 0x00000007adc00000| Untracked 
| 879|0x00000007ade00000, 0x00000007adfffff8, 0x00000007ae000000| 99%| O|  |TAMS 0x00000007ade00000, 0x00000007ade00000| Untracked 
| 880|0x00000007ae000000, 0x00000007ae200000, 0x00000007ae200000|100%| O|  |TAMS 0x00000007ae000000, 0x00000007ae000000| Untracked 
| 881|0x00000007ae200000, 0x00000007ae400000, 0x00000007ae400000|100%| O|  |TAMS 0x00000007ae200000, 0x00000007ae200000| Untracked 
| 882|0x00000007ae400000, 0x00000007ae5ffff0, 0x00000007ae600000| 99%| O|  |TAMS 0x00000007ae400000, 0x00000007ae400000| Untracked 
| 883|0x00000007ae600000, 0x00000007ae7ffff8, 0x00000007ae800000| 99%| O|  |TAMS 0x00000007ae600000, 0x00000007ae600000| Untracked 
| 884|0x00000007ae800000, 0x00000007aea00000, 0x00000007aea00000|100%| O|  |TAMS 0x00000007ae800000, 0x00000007ae800000| Untracked 
| 885|0x00000007aea00000, 0x00000007aebfffe0, 0x00000007aec00000| 99%| O|  |TAMS 0x00000007aea00000, 0x00000007aea00000| Untracked 
| 886|0x00000007aec00000, 0x00000007aee00000, 0x00000007aee00000|100%| O|  |TAMS 0x00000007aec00000, 0x00000007aec00000| Untracked 
| 887|0x00000007aee00000, 0x00000007aeffffe0, 0x00000007af000000| 99%| O|  |TAMS 0x00000007aee00000, 0x00000007aee00000| Untracked 
| 888|0x00000007af000000, 0x00000007af1ffff0, 0x00000007af200000| 99%| O|  |TAMS 0x00000007af000000, 0x00000007af000000| Untracked 
| 889|0x00000007af200000, 0x00000007af3fffe8, 0x00000007af400000| 99%| O|  |TAMS 0x00000007af200000, 0x00000007af200000| Untracked 
| 890|0x00000007af400000, 0x00000007af5ffff0, 0x00000007af600000| 99%| O|  |TAMS 0x00000007af400000, 0x00000007af400000| Untracked 
| 891|0x00000007af600000, 0x00000007af7fffe8, 0x00000007af800000| 99%| O|  |TAMS 0x00000007af600000, 0x00000007af600000| Untracked 
| 892|0x00000007af800000, 0x00000007af9fffd8, 0x00000007afa00000| 99%| O|  |TAMS 0x00000007af800000, 0x00000007af800000| Untracked 
| 893|0x00000007afa00000, 0x00000007afbfffc8, 0x00000007afc00000| 99%| O|  |TAMS 0x00000007afa00000, 0x00000007afa00000| Untracked 
| 894|0x00000007afc00000, 0x00000007afe00000, 0x00000007afe00000|100%| O|  |TAMS 0x00000007afc00000, 0x00000007afc00000| Untracked 
| 895|0x00000007afe00000, 0x00000007b0000000, 0x00000007b0000000|100%| O|  |TAMS 0x00000007afe00000, 0x00000007afe00000| Untracked 
| 896|0x00000007b0000000, 0x00000007b01fffe8, 0x00000007b0200000| 99%| O|  |TAMS 0x00000007b0000000, 0x00000007b0000000| Untracked 
| 897|0x00000007b0200000, 0x00000007b0400000, 0x00000007b0400000|100%| O|  |TAMS 0x00000007b0200000, 0x00000007b0200000| Untracked 
| 898|0x00000007b0400000, 0x00000007b05ffff0, 0x00000007b0600000| 99%| O|  |TAMS 0x00000007b0400000, 0x00000007b0400000| Untracked 
| 899|0x00000007b0600000, 0x00000007b07fffc8, 0x00000007b0800000| 99%| O|  |TAMS 0x00000007b0600000, 0x00000007b0600000| Untracked 
| 900|0x00000007b0800000, 0x00000007b09ffff8, 0x00000007b0a00000| 99%| O|  |TAMS 0x00000007b0800000, 0x00000007b0800000| Untracked 
| 901|0x00000007b0a00000, 0x00000007b0bfffd0, 0x00000007b0c00000| 99%| O|  |TAMS 0x00000007b0a00000, 0x00000007b0a00000| Untracked 
| 902|0x00000007b0c00000, 0x00000007b0dffff8, 0x00000007b0e00000| 99%| O|  |TAMS 0x00000007b0c00000, 0x00000007b0c00000| Untracked 
| 903|0x00000007b0e00000, 0x00000007b0ffff98, 0x00000007b1000000| 99%| O|  |TAMS 0x00000007b0e00000, 0x00000007b0e00000| Untracked 
| 904|0x00000007b1000000, 0x00000007b11ffff8, 0x00000007b1200000| 99%| O|  |TAMS 0x00000007b1000000, 0x00000007b1000000| Untracked 
| 905|0x00000007b1200000, 0x00000007b13ffff0, 0x00000007b1400000| 99%| O|  |TAMS 0x00000007b1200000, 0x00000007b1200000| Untracked 
| 906|0x00000007b1400000, 0x00000007b15fffc8, 0x00000007b1600000| 99%| O|  |TAMS 0x00000007b1400000, 0x00000007b1400000| Untracked 
| 907|0x00000007b1600000, 0x00000007b17ffff0, 0x00000007b1800000| 99%| O|  |TAMS 0x00000007b1600000, 0x00000007b1600000| Untracked 
| 908|0x00000007b1800000, 0x00000007b1a00000, 0x00000007b1a00000|100%| O|  |TAMS 0x00000007b1800000, 0x00000007b1800000| Untracked 
| 909|0x00000007b1a00000, 0x00000007b1c00000, 0x00000007b1c00000|100%| O|  |TAMS 0x00000007b1a00000, 0x00000007b1a00000| Untracked 
| 910|0x00000007b1c00000, 0x00000007b1dfffe8, 0x00000007b1e00000| 99%| O|  |TAMS 0x00000007b1c00000, 0x00000007b1c00000| Untracked 
| 911|0x00000007b1e00000, 0x00000007b2000000, 0x00000007b2000000|100%| O|  |TAMS 0x00000007b1e00000, 0x00000007b1e00000| Untracked 
| 912|0x00000007b2000000, 0x00000007b2200000, 0x00000007b2200000|100%| O|  |TAMS 0x00000007b2000000, 0x00000007b2000000| Untracked 
| 913|0x00000007b2200000, 0x00000007b23ffff8, 0x00000007b2400000| 99%| O|  |TAMS 0x00000007b2200000, 0x00000007b2200000| Untracked 
| 914|0x00000007b2400000, 0x00000007b25ffff8, 0x00000007b2600000| 99%| O|  |TAMS 0x00000007b2400000, 0x00000007b2400000| Untracked 
| 915|0x00000007b2600000, 0x00000007b27fff88, 0x00000007b2800000| 99%| O|  |TAMS 0x00000007b2600000, 0x00000007b2600000| Untracked 
| 916|0x00000007b2800000, 0x00000007b2a00000, 0x00000007b2a00000|100%| O|  |TAMS 0x00000007b2800000, 0x00000007b2800000| Untracked 
| 917|0x00000007b2a00000, 0x00000007b2bffff0, 0x00000007b2c00000| 99%| O|  |TAMS 0x00000007b2a00000, 0x00000007b2a00000| Untracked 
| 918|0x00000007b2c00000, 0x00000007b2e00000, 0x00000007b2e00000|100%| O|  |TAMS 0x00000007b2c00000, 0x00000007b2c00000| Untracked 
| 919|0x00000007b2e00000, 0x00000007b2ffff88, 0x00000007b3000000| 99%| O|  |TAMS 0x00000007b2e00000, 0x00000007b2e00000| Untracked 
| 920|0x00000007b3000000, 0x00000007b31ffff0, 0x00000007b3200000| 99%| O|  |TAMS 0x00000007b3000000, 0x00000007b3000000| Untracked 
| 921|0x00000007b3200000, 0x00000007b3400000, 0x00000007b3400000|100%| O|  |TAMS 0x00000007b3200000, 0x00000007b3200000| Untracked 
| 922|0x00000007b3400000, 0x00000007b35ffff8, 0x00000007b3600000| 99%| O|  |TAMS 0x00000007b3400000, 0x00000007b3400000| Untracked 
| 923|0x00000007b3600000, 0x00000007b37fffb8, 0x00000007b3800000| 99%| O|  |TAMS 0x00000007b3600000, 0x00000007b3600000| Untracked 
| 924|0x00000007b3800000, 0x00000007b39ffff0, 0x00000007b3a00000| 99%| O|  |TAMS 0x00000007b3800000, 0x00000007b3800000| Untracked 
| 925|0x00000007b3a00000, 0x00000007b3bfffc8, 0x00000007b3c00000| 99%| O|  |TAMS 0x00000007b3a00000, 0x00000007b3a00000| Untracked 
| 926|0x00000007b3c00000, 0x00000007b3dffff0, 0x00000007b3e00000| 99%| O|  |TAMS 0x00000007b3c00000, 0x00000007b3c00000| Untracked 
| 927|0x00000007b3e00000, 0x00000007b3fffff0, 0x00000007b4000000| 99%| O|  |TAMS 0x00000007b3e00000, 0x00000007b3e00000| Untracked 
| 928|0x00000007b4000000, 0x00000007b41fff80, 0x00000007b4200000| 99%| O|  |TAMS 0x00000007b4000000, 0x00000007b4000000| Untracked 
| 929|0x00000007b4200000, 0x00000007b43ffff8, 0x00000007b4400000| 99%| O|  |TAMS 0x00000007b4200000, 0x00000007b4200000| Untracked 
| 930|0x00000007b4400000, 0x00000007b4600000, 0x00000007b4600000|100%| O|  |TAMS 0x00000007b4400000, 0x00000007b4400000| Untracked 
| 931|0x00000007b4600000, 0x00000007b47ffff0, 0x00000007b4800000| 99%| O|  |TAMS 0x00000007b4600000, 0x00000007b4600000| Untracked 
| 932|0x00000007b4800000, 0x00000007b4a00000, 0x00000007b4a00000|100%| O|  |TAMS 0x00000007b4800000, 0x00000007b4800000| Untracked 
| 933|0x00000007b4a00000, 0x00000007b4bffff0, 0x00000007b4c00000| 99%| O|  |TAMS 0x00000007b4a00000, 0x00000007b4a00000| Untracked 
| 934|0x00000007b4c00000, 0x00000007b4dfffd0, 0x00000007b4e00000| 99%| O|  |TAMS 0x00000007b4c00000, 0x00000007b4c00000| Untracked 
| 935|0x00000007b4e00000, 0x00000007b5000000, 0x00000007b5000000|100%| O|  |TAMS 0x00000007b4e00000, 0x00000007b4e00000| Untracked 
| 936|0x00000007b5000000, 0x00000007b51fffe8, 0x00000007b5200000| 99%| O|  |TAMS 0x00000007b5000000, 0x00000007b5000000| Untracked 
| 937|0x00000007b5200000, 0x00000007b53ffff8, 0x00000007b5400000| 99%| O|  |TAMS 0x00000007b5200000, 0x00000007b5200000| Untracked 
| 938|0x00000007b5400000, 0x00000007b55fffb8, 0x00000007b5600000| 99%| O|  |TAMS 0x00000007b5400000, 0x00000007b5400000| Untracked 
| 939|0x00000007b5600000, 0x00000007b57fffc0, 0x00000007b5800000| 99%| O|  |TAMS 0x00000007b5600000, 0x00000007b5600000| Untracked 
| 940|0x00000007b5800000, 0x00000007b59ffff8, 0x00000007b5a00000| 99%| O|  |TAMS 0x00000007b5800000, 0x00000007b5800000| Untracked 
| 941|0x00000007b5a00000, 0x00000007b5c00000, 0x00000007b5c00000|100%| O|  |TAMS 0x00000007b5a00000, 0x00000007b5a00000| Untracked 
| 942|0x00000007b5c00000, 0x00000007b5e00000, 0x00000007b5e00000|100%| O|  |TAMS 0x00000007b5c00000, 0x00000007b5c00000| Untracked 
| 943|0x00000007b5e00000, 0x00000007b5ffffe8, 0x00000007b6000000| 99%| O|  |TAMS 0x00000007b5e00000, 0x00000007b5e00000| Untracked 
| 944|0x00000007b6000000, 0x00000007b6200000, 0x00000007b6200000|100%| O|  |TAMS 0x00000007b6000000, 0x00000007b6000000| Untracked 
| 945|0x00000007b6200000, 0x00000007b63fffe0, 0x00000007b6400000| 99%| O|  |TAMS 0x00000007b6200000, 0x00000007b6200000| Untracked 
| 946|0x00000007b6400000, 0x00000007b65fff68, 0x00000007b6600000| 99%| O|  |TAMS 0x00000007b6400000, 0x00000007b6400000| Untracked 
| 947|0x00000007b6600000, 0x00000007b67fffa8, 0x00000007b6800000| 99%| O|  |TAMS 0x00000007b6600000, 0x00000007b6600000| Untracked 
| 948|0x00000007b6800000, 0x00000007b69ffff0, 0x00000007b6a00000| 99%| O|  |TAMS 0x00000007b6800000, 0x00000007b6800000| Untracked 
| 949|0x00000007b6a00000, 0x00000007b6c00000, 0x00000007b6c00000|100%| O|  |TAMS 0x00000007b6a00000, 0x00000007b6a00000| Untracked 
| 950|0x00000007b6c00000, 0x00000007b6dffff8, 0x00000007b6e00000| 99%| O|  |TAMS 0x00000007b6c00000, 0x00000007b6c00000| Untracked 
| 951|0x00000007b6e00000, 0x00000007b6ffffc8, 0x00000007b7000000| 99%| O|  |TAMS 0x00000007b6e00000, 0x00000007b6e00000| Untracked 
| 952|0x00000007b7000000, 0x00000007b71ffff0, 0x00000007b7200000| 99%| O|  |TAMS 0x00000007b7000000, 0x00000007b7000000| Untracked 
| 953|0x00000007b7200000, 0x00000007b73fff70, 0x00000007b7400000| 99%| O|  |TAMS 0x00000007b7200000, 0x00000007b7200000| Untracked 
| 954|0x00000007b7400000, 0x00000007b75ffff0, 0x00000007b7600000| 99%| O|  |TAMS 0x00000007b7400000, 0x00000007b7400000| Untracked 
| 955|0x00000007b7600000, 0x00000007b7800000, 0x00000007b7800000|100%| O|  |TAMS 0x00000007b7600000, 0x00000007b7600000| Untracked 
| 956|0x00000007b7800000, 0x00000007b7a00000, 0x00000007b7a00000|100%| O|  |TAMS 0x00000007b7800000, 0x00000007b7800000| Untracked 
| 957|0x00000007b7a00000, 0x00000007b7bffff0, 0x00000007b7c00000| 99%| O|  |TAMS 0x00000007b7a00000, 0x00000007b7a00000| Untracked 
| 958|0x00000007b7c00000, 0x00000007b7dffff0, 0x00000007b7e00000| 99%| O|  |TAMS 0x00000007b7c00000, 0x00000007b7c00000| Untracked 
| 959|0x00000007b7e00000, 0x00000007b7ffffe8, 0x00000007b8000000| 99%| O|  |TAMS 0x00000007b7e00000, 0x00000007b7e00000| Untracked 
| 960|0x00000007b8000000, 0x00000007b81fffb0, 0x00000007b8200000| 99%| O|  |TAMS 0x00000007b8000000, 0x00000007b8000000| Untracked 
| 961|0x00000007b8200000, 0x00000007b83fffe0, 0x00000007b8400000| 99%| O|  |TAMS 0x00000007b8200000, 0x00000007b8200000| Untracked 
| 962|0x00000007b8400000, 0x00000007b85ffff0, 0x00000007b8600000| 99%| O|  |TAMS 0x00000007b8400000, 0x00000007b8400000| Untracked 
| 963|0x00000007b8600000, 0x00000007b87fffc8, 0x00000007b8800000| 99%| O|  |TAMS 0x00000007b8600000, 0x00000007b8600000| Untracked 
| 964|0x00000007b8800000, 0x00000007b89fffe0, 0x00000007b8a00000| 99%| O|  |TAMS 0x00000007b8800000, 0x00000007b8800000| Untracked 
| 965|0x00000007b8a00000, 0x00000007b8c00000, 0x00000007b8c00000|100%| O|  |TAMS 0x00000007b8a00000, 0x00000007b8a00000| Untracked 
| 966|0x00000007b8c00000, 0x00000007b8dfff90, 0x00000007b8e00000| 99%| O|  |TAMS 0x00000007b8c00000, 0x00000007b8c00000| Untracked 
| 967|0x00000007b8e00000, 0x00000007b8ffffd0, 0x00000007b9000000| 99%| O|  |TAMS 0x00000007b8e00000, 0x00000007b8e00000| Untracked 
| 968|0x00000007b9000000, 0x00000007b91ffff0, 0x00000007b9200000| 99%| O|  |TAMS 0x00000007b9000000, 0x00000007b9000000| Untracked 
| 969|0x00000007b9200000, 0x00000007b9400000, 0x00000007b9400000|100%| O|  |TAMS 0x00000007b9200000, 0x00000007b9200000| Untracked 
| 970|0x00000007b9400000, 0x00000007b95fffb0, 0x00000007b9600000| 99%| O|  |TAMS 0x00000007b9400000, 0x00000007b9400000| Untracked 
| 971|0x00000007b9600000, 0x00000007b97ffff8, 0x00000007b9800000| 99%| O|  |TAMS 0x00000007b9600000, 0x00000007b9600000| Untracked 
| 972|0x00000007b9800000, 0x00000007b9a00000, 0x00000007b9a00000|100%| O|  |TAMS 0x00000007b9800000, 0x00000007b9800000| Untracked 
| 973|0x00000007b9a00000, 0x00000007b9c00000, 0x00000007b9c00000|100%| O|  |TAMS 0x00000007b9a00000, 0x00000007b9a00000| Untracked 
| 974|0x00000007b9c00000, 0x00000007b9dfffc8, 0x00000007b9e00000| 99%| O|  |TAMS 0x00000007b9c00000, 0x00000007b9c00000| Untracked 
| 975|0x00000007b9e00000, 0x00000007ba000000, 0x00000007ba000000|100%| O|  |TAMS 0x00000007b9e00000, 0x00000007b9e00000| Untracked 
| 976|0x00000007ba000000, 0x00000007ba1ffff0, 0x00000007ba200000| 99%| O|  |TAMS 0x00000007ba000000, 0x00000007ba000000| Untracked 
| 977|0x00000007ba200000, 0x00000007ba3fffe0, 0x00000007ba400000| 99%| O|  |TAMS 0x00000007ba200000, 0x00000007ba200000| Untracked 
| 978|0x00000007ba400000, 0x00000007ba5fffe0, 0x00000007ba600000| 99%| O|  |TAMS 0x00000007ba400000, 0x00000007ba400000| Untracked 
| 979|0x00000007ba600000, 0x00000007ba7fffa8, 0x00000007ba800000| 99%| O|  |TAMS 0x00000007ba600000, 0x00000007ba600000| Untracked 
| 980|0x00000007ba800000, 0x00000007ba9fffc0, 0x00000007baa00000| 99%| O|  |TAMS 0x00000007ba800000, 0x00000007ba800000| Untracked 
| 981|0x00000007baa00000, 0x00000007babfffe8, 0x00000007bac00000| 99%| O|  |TAMS 0x00000007baa00000, 0x00000007baa00000| Untracked 
| 982|0x00000007bac00000, 0x00000007badfffe0, 0x00000007bae00000| 99%| O|  |TAMS 0x00000007bac00000, 0x00000007bac00000| Untracked 
| 983|0x00000007bae00000, 0x00000007bafffff8, 0x00000007bb000000| 99%| O|  |TAMS 0x00000007bae00000, 0x00000007bae00000| Untracked 
| 984|0x00000007bb000000, 0x00000007bb200000, 0x00000007bb200000|100%| O|  |TAMS 0x00000007bb000000, 0x00000007bb000000| Untracked 
| 985|0x00000007bb200000, 0x00000007bb3fffd0, 0x00000007bb400000| 99%| O|  |TAMS 0x00000007bb200000, 0x00000007bb200000| Untracked 
| 986|0x00000007bb400000, 0x00000007bb600000, 0x00000007bb600000|100%| O|  |TAMS 0x00000007bb400000, 0x00000007bb400000| Untracked 
| 987|0x00000007bb600000, 0x00000007bb7fffc8, 0x00000007bb800000| 99%| O|  |TAMS 0x00000007bb600000, 0x00000007bb600000| Untracked 
| 988|0x00000007bb800000, 0x00000007bb9ffff8, 0x00000007bba00000| 99%| O|  |TAMS 0x00000007bb800000, 0x00000007bb800000| Untracked 
| 989|0x00000007bba00000, 0x00000007bbbfff88, 0x00000007bbc00000| 99%| O|  |TAMS 0x00000007bba00000, 0x00000007bba00000| Untracked 
| 990|0x00000007bbc00000, 0x00000007bbdfff90, 0x00000007bbe00000| 99%| O|  |TAMS 0x00000007bbc00000, 0x00000007bbc00000| Untracked 
| 991|0x00000007bbe00000, 0x00000007bbfffff8, 0x00000007bc000000| 99%| O|  |TAMS 0x00000007bbe00000, 0x00000007bbe00000| Untracked 
| 992|0x00000007bc000000, 0x00000007bc1ffff0, 0x00000007bc200000| 99%| O|  |TAMS 0x00000007bc000000, 0x00000007bc000000| Untracked 
| 993|0x00000007bc200000, 0x00000007bc400000, 0x00000007bc400000|100%| O|  |TAMS 0x00000007bc200000, 0x00000007bc200000| Untracked 
| 994|0x00000007bc400000, 0x00000007bc600000, 0x00000007bc600000|100%| O|  |TAMS 0x00000007bc400000, 0x00000007bc400000| Untracked 
| 995|0x00000007bc600000, 0x00000007bc7fffa8, 0x00000007bc800000| 99%| O|  |TAMS 0x00000007bc600000, 0x00000007bc600000| Untracked 
| 996|0x00000007bc800000, 0x00000007bca00000, 0x00000007bca00000|100%| O|  |TAMS 0x00000007bc800000, 0x00000007bc800000| Untracked 
| 997|0x00000007bca00000, 0x00000007bcbffff0, 0x00000007bcc00000| 99%| O|  |TAMS 0x00000007bca00000, 0x00000007bca00000| Untracked 
| 998|0x00000007bcc00000, 0x00000007bcdffff8, 0x00000007bce00000| 99%| O|  |TAMS 0x00000007bcc00000, 0x00000007bcc00000| Untracked 
| 999|0x00000007bce00000, 0x00000007bcffffc8, 0x00000007bd000000| 99%| O|  |TAMS 0x00000007bce00000, 0x00000007bce00000| Untracked 
|1000|0x00000007bd000000, 0x00000007bd1ffff0, 0x00000007bd200000| 99%| O|  |TAMS 0x00000007bd000000, 0x00000007bd000000| Untracked 
|1001|0x00000007bd200000, 0x00000007bd3ffff8, 0x00000007bd400000| 99%| O|  |TAMS 0x00000007bd200000, 0x00000007bd200000| Untracked 
|1002|0x00000007bd400000, 0x00000007bd5fffb8, 0x00000007bd600000| 99%| O|  |TAMS 0x00000007bd400000, 0x00000007bd400000| Untracked 
|1003|0x00000007bd600000, 0x00000007bd800000, 0x00000007bd800000|100%| O|  |TAMS 0x00000007bd600000, 0x00000007bd600000| Untracked 
|1004|0x00000007bd800000, 0x00000007bd9fffe8, 0x00000007bda00000| 99%| O|  |TAMS 0x00000007bd800000, 0x00000007bd800000| Untracked 
|1005|0x00000007bda00000, 0x00000007bdbfffe8, 0x00000007bdc00000| 99%| O|  |TAMS 0x00000007bda00000, 0x00000007bda00000| Untracked 
|1006|0x00000007bdc00000, 0x00000007bddfffe8, 0x00000007bde00000| 99%| O|  |TAMS 0x00000007bdc00000, 0x00000007bdc00000| Untracked 
|1007|0x00000007bde00000, 0x00000007be000000, 0x00000007be000000|100%| O|  |TAMS 0x00000007bde00000, 0x00000007bde00000| Untracked 
|1008|0x00000007be000000, 0x00000007be1ffff8, 0x00000007be200000| 99%| O|  |TAMS 0x00000007be000000, 0x00000007be000000| Untracked 
|1009|0x00000007be200000, 0x00000007be3ffff0, 0x00000007be400000| 99%| O|  |TAMS 0x00000007be200000, 0x00000007be200000| Untracked 
|1010|0x00000007be400000, 0x00000007be600000, 0x00000007be600000|100%| O|  |TAMS 0x00000007be400000, 0x00000007be400000| Untracked 
|1011|0x00000007be600000, 0x00000007be7fff70, 0x00000007be800000| 99%| O|  |TAMS 0x00000007be600000, 0x00000007be600000| Untracked 
|1012|0x00000007be800000, 0x00000007bea00000, 0x00000007bea00000|100%| O|  |TAMS 0x00000007be800000, 0x00000007be800000| Untracked 
|1013|0x00000007bea00000, 0x00000007bebffff0, 0x00000007bec00000| 99%| O|  |TAMS 0x00000007bea00000, 0x00000007bea00000| Untracked 
|1014|0x00000007bec00000, 0x00000007bedffff0, 0x00000007bee00000| 99%| O|  |TAMS 0x00000007bec00000, 0x00000007bec00000| Untracked 
|1015|0x00000007bee00000, 0x00000007beffffe8, 0x00000007bf000000| 99%| O|  |TAMS 0x00000007bee00000, 0x00000007bee00000| Untracked 
|1016|0x00000007bf000000, 0x00000007bf1ffff0, 0x00000007bf200000| 99%| O|  |TAMS 0x00000007bf000000, 0x00000007bf000000| Untracked 
|1017|0x00000007bf200000, 0x00000007bf400000, 0x00000007bf400000|100%| O|  |TAMS 0x00000007bf200000, 0x00000007bf200000| Untracked 
|1018|0x00000007bf400000, 0x00000007bf5ffff0, 0x00000007bf600000| 99%| O|  |TAMS 0x00000007bf400000, 0x00000007bf400000| Untracked 
|1019|0x00000007bf600000, 0x00000007bf7ffff8, 0x00000007bf800000| 99%| O|  |TAMS 0x00000007bf600000, 0x00000007bf600000| Untracked 
|1020|0x00000007bf800000, 0x00000007bf9ffff0, 0x00000007bfa00000| 99%| O|  |TAMS 0x00000007bf800000, 0x00000007bf800000| Untracked 
|1021|0x00000007bfa00000, 0x00000007bfbffff8, 0x00000007bfc00000| 99%| O|  |TAMS 0x00000007bfa00000, 0x00000007bfa00000| Untracked 
|1022|0x00000007bfc00000, 0x00000007bfdffff0, 0x00000007bfe00000| 99%| O|  |TAMS 0x00000007bfc00000, 0x00000007bfc00000| Untracked 
|1023|0x00000007bfe00000, 0x00000007bffffff8, 0x00000007c0000000| 99%| O|  |TAMS 0x00000007bfe00000, 0x00000007bfe00000| Untracked 
|1024|0x00000007c0000000, 0x00000007c01ffff0, 0x00000007c0200000| 99%| O|  |TAMS 0x00000007c0000000, 0x00000007c0000000| Untracked 
|1025|0x00000007c0200000, 0x00000007c03ffff0, 0x00000007c0400000| 99%| O|  |TAMS 0x00000007c0200000, 0x00000007c0200000| Untracked 
|1026|0x00000007c0400000, 0x00000007c05ffff0, 0x00000007c0600000| 99%| O|  |TAMS 0x00000007c0400000, 0x00000007c0400000| Untracked 
|1027|0x00000007c0600000, 0x00000007c07ffff8, 0x00000007c0800000| 99%| O|  |TAMS 0x00000007c0600000, 0x00000007c0600000| Untracked 
|1028|0x00000007c0800000, 0x00000007c09fffb0, 0x00000007c0a00000| 99%| O|  |TAMS 0x00000007c0800000, 0x00000007c0800000| Untracked 
|1029|0x00000007c0a00000, 0x00000007c0bffff0, 0x00000007c0c00000| 99%| O|  |TAMS 0x00000007c0a00000, 0x00000007c0a00000| Untracked 
|1030|0x00000007c0c00000, 0x00000007c0dfffe0, 0x00000007c0e00000| 99%| O|  |TAMS 0x00000007c0c00000, 0x00000007c0c00000| Untracked 
|1031|0x00000007c0e00000, 0x00000007c0ffffd0, 0x00000007c1000000| 99%| O|  |TAMS 0x00000007c0e00000, 0x00000007c0e00000| Untracked 
|1032|0x00000007c1000000, 0x00000007c11ffff0, 0x00000007c1200000| 99%| O|  |TAMS 0x00000007c1000000, 0x00000007c1000000| Untracked 
|1033|0x00000007c1200000, 0x00000007c13ffff8, 0x00000007c1400000| 99%| O|  |TAMS 0x00000007c1200000, 0x00000007c1200000| Untracked 
|1034|0x00000007c1400000, 0x00000007c15ffff0, 0x00000007c1600000| 99%| O|  |TAMS 0x00000007c1400000, 0x00000007c1400000| Untracked 
|1035|0x00000007c1600000, 0x00000007c1800000, 0x00000007c1800000|100%| O|  |TAMS 0x00000007c1600000, 0x00000007c1600000| Untracked 
|1036|0x00000007c1800000, 0x00000007c19ffff8, 0x00000007c1a00000| 99%| O|  |TAMS 0x00000007c1800000, 0x00000007c1800000| Untracked 
|1037|0x00000007c1a00000, 0x00000007c1bfffc8, 0x00000007c1c00000| 99%| O|  |TAMS 0x00000007c1a00000, 0x00000007c1a00000| Untracked 
|1038|0x00000007c1c00000, 0x00000007c1dffff0, 0x00000007c1e00000| 99%| O|  |TAMS 0x00000007c1c00000, 0x00000007c1c00000| Untracked 
|1039|0x00000007c1e00000, 0x00000007c1fffff0, 0x00000007c2000000| 99%| O|  |TAMS 0x00000007c1e00000, 0x00000007c1e00000| Untracked 
|1040|0x00000007c2000000, 0x00000007c21fffc8, 0x00000007c2200000| 99%| O|  |TAMS 0x00000007c2000000, 0x00000007c2000000| Untracked 
|1041|0x00000007c2200000, 0x00000007c23ffff8, 0x00000007c2400000| 99%| O|  |TAMS 0x00000007c2200000, 0x00000007c2200000| Untracked 
|1042|0x00000007c2400000, 0x00000007c25fffd8, 0x00000007c2600000| 99%| O|  |TAMS 0x00000007c2400000, 0x00000007c2400000| Untracked 
|1043|0x00000007c2600000, 0x00000007c27ffff0, 0x00000007c2800000| 99%| O|  |TAMS 0x00000007c2600000, 0x00000007c2600000| Untracked 
|1044|0x00000007c2800000, 0x00000007c29fff70, 0x00000007c2a00000| 99%| O|  |TAMS 0x00000007c2800000, 0x00000007c2800000| Untracked 
|1045|0x00000007c2a00000, 0x00000007c2bfffd0, 0x00000007c2c00000| 99%| O|  |TAMS 0x00000007c2a00000, 0x00000007c2a00000| Untracked 
|1046|0x00000007c2c00000, 0x00000007c2e00000, 0x00000007c2e00000|100%| O|  |TAMS 0x00000007c2c00000, 0x00000007c2c00000| Untracked 
|1047|0x00000007c2e00000, 0x00000007c2fffff8, 0x00000007c3000000| 99%| O|  |TAMS 0x00000007c2e00000, 0x00000007c2e00000| Untracked 
|1048|0x00000007c3000000, 0x00000007c31ffff0, 0x00000007c3200000| 99%| O|  |TAMS 0x00000007c3000000, 0x00000007c3000000| Untracked 
|1049|0x00000007c3200000, 0x00000007c3400000, 0x00000007c3400000|100%| O|  |TAMS 0x00000007c3200000, 0x00000007c3200000| Untracked 
|1050|0x00000007c3400000, 0x00000007c35fffe8, 0x00000007c3600000| 99%| O|  |TAMS 0x00000007c3400000, 0x00000007c3400000| Untracked 
|1051|0x00000007c3600000, 0x00000007c3800000, 0x00000007c3800000|100%| O|  |TAMS 0x00000007c3600000, 0x00000007c3600000| Untracked 
|1052|0x00000007c3800000, 0x00000007c39ffff8, 0x00000007c3a00000| 99%| O|  |TAMS 0x00000007c3800000, 0x00000007c3800000| Untracked 
|1053|0x00000007c3a00000, 0x00000007c3bffff8, 0x00000007c3c00000| 99%| O|  |TAMS 0x00000007c3a00000, 0x00000007c3a00000| Untracked 
|1054|0x00000007c3c00000, 0x00000007c3e00000, 0x00000007c3e00000|100%| O|  |TAMS 0x00000007c3c00000, 0x00000007c3c00000| Untracked 
|1055|0x00000007c3e00000, 0x00000007c3fffff8, 0x00000007c4000000| 99%| O|  |TAMS 0x00000007c3e00000, 0x00000007c3e00000| Untracked 
|1056|0x00000007c4000000, 0x00000007c41fffe8, 0x00000007c4200000| 99%| O|  |TAMS 0x00000007c4000000, 0x00000007c4000000| Untracked 
|1057|0x00000007c4200000, 0x00000007c43ffff8, 0x00000007c4400000| 99%| O|  |TAMS 0x00000007c4200000, 0x00000007c4200000| Untracked 
|1058|0x00000007c4400000, 0x00000007c45ffff8, 0x00000007c4600000| 99%| O|  |TAMS 0x00000007c4400000, 0x00000007c4400000| Untracked 
|1059|0x00000007c4600000, 0x00000007c4800000, 0x00000007c4800000|100%| O|  |TAMS 0x00000007c4600000, 0x00000007c4600000| Untracked 
|1060|0x00000007c4800000, 0x00000007c49ffff8, 0x00000007c4a00000| 99%| O|  |TAMS 0x00000007c4800000, 0x00000007c4800000| Untracked 
|1061|0x00000007c4a00000, 0x00000007c4bffff0, 0x00000007c4c00000| 99%| O|  |TAMS 0x00000007c4a00000, 0x00000007c4a00000| Untracked 
|1062|0x00000007c4c00000, 0x00000007c4dffff8, 0x00000007c4e00000| 99%| O|  |TAMS 0x00000007c4c00000, 0x00000007c4c00000| Untracked 
|1063|0x00000007c4e00000, 0x00000007c4ffffe8, 0x00000007c5000000| 99%| O|  |TAMS 0x00000007c4e00000, 0x00000007c4e00000| Untracked 
|1064|0x00000007c5000000, 0x00000007c5200000, 0x00000007c5200000|100%| O|  |TAMS 0x00000007c5000000, 0x00000007c5000000| Untracked 
|1065|0x00000007c5200000, 0x00000007c5400000, 0x00000007c5400000|100%| O|  |TAMS 0x00000007c5200000, 0x00000007c5200000| Untracked 
|1066|0x00000007c5400000, 0x00000007c5600000, 0x00000007c5600000|100%| O|  |TAMS 0x00000007c5400000, 0x00000007c5400000| Untracked 
|1067|0x00000007c5600000, 0x00000007c57ffff0, 0x00000007c5800000| 99%| O|  |TAMS 0x00000007c5600000, 0x00000007c5600000| Untracked 
|1068|0x00000007c5800000, 0x00000007c59ffff8, 0x00000007c5a00000| 99%| O|  |TAMS 0x00000007c5800000, 0x00000007c5800000| Untracked 
|1069|0x00000007c5a00000, 0x00000007c5c00000, 0x00000007c5c00000|100%| O|  |TAMS 0x00000007c5a00000, 0x00000007c5a00000| Untracked 
|1070|0x00000007c5c00000, 0x00000007c5e00000, 0x00000007c5e00000|100%| O|  |TAMS 0x00000007c5c00000, 0x00000007c5c00000| Untracked 
|1071|0x00000007c5e00000, 0x00000007c6000000, 0x00000007c6000000|100%| O|  |TAMS 0x00000007c5e00000, 0x00000007c5e00000| Untracked 
|1072|0x00000007c6000000, 0x00000007c61fffe8, 0x00000007c6200000| 99%| O|  |TAMS 0x00000007c6000000, 0x00000007c6000000| Untracked 
|1073|0x00000007c6200000, 0x00000007c63ffff0, 0x00000007c6400000| 99%| O|  |TAMS 0x00000007c6200000, 0x00000007c6200000| Untracked 
|1074|0x00000007c6400000, 0x00000007c6600000, 0x00000007c6600000|100%| O|  |TAMS 0x00000007c6400000, 0x00000007c6400000| Untracked 
|1075|0x00000007c6600000, 0x00000007c67ffff0, 0x00000007c6800000| 99%| O|  |TAMS 0x00000007c6600000, 0x00000007c6600000| Untracked 
|1076|0x00000007c6800000, 0x00000007c69ffff8, 0x00000007c6a00000| 99%| O|  |TAMS 0x00000007c6800000, 0x00000007c6800000| Untracked 
|1077|0x00000007c6a00000, 0x00000007c6bffff0, 0x00000007c6c00000| 99%| O|  |TAMS 0x00000007c6a00000, 0x00000007c6a00000| Untracked 
|1078|0x00000007c6c00000, 0x00000007c6dffff0, 0x00000007c6e00000| 99%| O|  |TAMS 0x00000007c6c00000, 0x00000007c6c00000| Untracked 
|1079|0x00000007c6e00000, 0x00000007c6fffff0, 0x00000007c7000000| 99%| O|  |TAMS 0x00000007c6e00000, 0x00000007c6e00000| Untracked 
|1080|0x00000007c7000000, 0x00000007c7200000, 0x00000007c7200000|100%| O|  |TAMS 0x00000007c7000000, 0x00000007c7000000| Untracked 
|1081|0x00000007c7200000, 0x00000007c7400000, 0x00000007c7400000|100%| O|  |TAMS 0x00000007c7200000, 0x00000007c7200000| Untracked 
|1082|0x00000007c7400000, 0x00000007c75ffff8, 0x00000007c7600000| 99%| O|  |TAMS 0x00000007c7400000, 0x00000007c7400000| Untracked 
|1083|0x00000007c7600000, 0x00000007c77ffff8, 0x00000007c7800000| 99%| O|  |TAMS 0x00000007c7600000, 0x00000007c7600000| Untracked 
|1084|0x00000007c7800000, 0x00000007c7a00000, 0x00000007c7a00000|100%| O|  |TAMS 0x00000007c7800000, 0x00000007c7800000| Untracked 
|1085|0x00000007c7a00000, 0x00000007c7c00000, 0x00000007c7c00000|100%| O|  |TAMS 0x00000007c7a00000, 0x00000007c7a00000| Untracked 
|1086|0x00000007c7c00000, 0x00000007c7dffff8, 0x00000007c7e00000| 99%| O|  |TAMS 0x00000007c7c00000, 0x00000007c7c00000| Untracked 
|1087|0x00000007c7e00000, 0x00000007c7fffff8, 0x00000007c8000000| 99%| O|  |TAMS 0x00000007c7e00000, 0x00000007c7e00000| Untracked 
|1088|0x00000007c8000000, 0x00000007c81ffff8, 0x00000007c8200000| 99%| O|  |TAMS 0x00000007c8000000, 0x00000007c8000000| Untracked 
|1089|0x00000007c8200000, 0x00000007c83ffff0, 0x00000007c8400000| 99%| O|  |TAMS 0x00000007c8200000, 0x00000007c8200000| Untracked 
|1090|0x00000007c8400000, 0x00000007c85ffff8, 0x00000007c8600000| 99%| O|  |TAMS 0x00000007c8400000, 0x00000007c8400000| Untracked 
|1091|0x00000007c8600000, 0x00000007c87ffff0, 0x00000007c8800000| 99%| O|  |TAMS 0x00000007c8600000, 0x00000007c8600000| Untracked 
|1092|0x00000007c8800000, 0x00000007c89fff70, 0x00000007c8a00000| 99%| O|  |TAMS 0x00000007c8800000, 0x00000007c8800000| Untracked 
|1093|0x00000007c8a00000, 0x00000007c8bffff8, 0x00000007c8c00000| 99%| O|  |TAMS 0x00000007c8a00000, 0x00000007c8a00000| Untracked 
|1094|0x00000007c8c00000, 0x00000007c8dfffe8, 0x00000007c8e00000| 99%| O|  |TAMS 0x00000007c8c00000, 0x00000007c8c00000| Untracked 
|1095|0x00000007c8e00000, 0x00000007c8fffff0, 0x00000007c9000000| 99%| O|  |TAMS 0x00000007c8e00000, 0x00000007c8e00000| Untracked 
|1096|0x00000007c9000000, 0x00000007c91ffff8, 0x00000007c9200000| 99%| O|  |TAMS 0x00000007c9000000, 0x00000007c9000000| Untracked 
|1097|0x00000007c9200000, 0x00000007c93ffff8, 0x00000007c9400000| 99%| O|  |TAMS 0x00000007c9200000, 0x00000007c9200000| Untracked 
|1098|0x00000007c9400000, 0x00000007c95ffff0, 0x00000007c9600000| 99%| O|  |TAMS 0x00000007c9400000, 0x00000007c9400000| Untracked 
|1099|0x00000007c9600000, 0x00000007c97fffe8, 0x00000007c9800000| 99%| O|  |TAMS 0x00000007c9600000, 0x00000007c9600000| Untracked 
|1100|0x00000007c9800000, 0x00000007c99ffff0, 0x00000007c9a00000| 99%| O|  |TAMS 0x00000007c9800000, 0x00000007c9800000| Untracked 
|1101|0x00000007c9a00000, 0x00000007c9c00000, 0x00000007c9c00000|100%| O|  |TAMS 0x00000007c9a00000, 0x00000007c9a00000| Untracked 
|1102|0x00000007c9c00000, 0x00000007c9dffff0, 0x00000007c9e00000| 99%| O|  |TAMS 0x00000007c9c00000, 0x00000007c9c00000| Untracked 
|1103|0x00000007c9e00000, 0x00000007c9fffff0, 0x00000007ca000000| 99%| O|  |TAMS 0x00000007c9e00000, 0x00000007c9e00000| Untracked 
|1104|0x00000007ca000000, 0x00000007ca1ffff0, 0x00000007ca200000| 99%| O|  |TAMS 0x00000007ca000000, 0x00000007ca000000| Untracked 
|1105|0x00000007ca200000, 0x00000007ca400000, 0x00000007ca400000|100%| O|  |TAMS 0x00000007ca200000, 0x00000007ca200000| Untracked 
|1106|0x00000007ca400000, 0x00000007ca5fffc8, 0x00000007ca600000| 99%| O|  |TAMS 0x00000007ca400000, 0x00000007ca400000| Untracked 
|1107|0x00000007ca600000, 0x00000007ca7fffb0, 0x00000007ca800000| 99%| O|  |TAMS 0x00000007ca600000, 0x00000007ca600000| Untracked 
|1108|0x00000007ca800000, 0x00000007ca9ffff8, 0x00000007caa00000| 99%| O|  |TAMS 0x00000007ca800000, 0x00000007ca800000| Untracked 
|1109|0x00000007caa00000, 0x00000007cac00000, 0x00000007cac00000|100%| O|  |TAMS 0x00000007caa00000, 0x00000007caa00000| Untracked 
|1110|0x00000007cac00000, 0x00000007cae00000, 0x00000007cae00000|100%| O|  |TAMS 0x00000007cac00000, 0x00000007cac00000| Untracked 
|1111|0x00000007cae00000, 0x00000007cb000000, 0x00000007cb000000|100%| O|  |TAMS 0x00000007cae00000, 0x00000007cae00000| Untracked 
|1112|0x00000007cb000000, 0x00000007cb200000, 0x00000007cb200000|100%| O|  |TAMS 0x00000007cb000000, 0x00000007cb000000| Untracked 
|1113|0x00000007cb200000, 0x00000007cb3fffd0, 0x00000007cb400000| 99%| O|  |TAMS 0x00000007cb200000, 0x00000007cb200000| Untracked 
|1114|0x00000007cb400000, 0x00000007cb5fffd8, 0x00000007cb600000| 99%| O|  |TAMS 0x00000007cb400000, 0x00000007cb400000| Untracked 
|1115|0x00000007cb600000, 0x00000007cb7ffff8, 0x00000007cb800000| 99%| O|  |TAMS 0x00000007cb600000, 0x00000007cb600000| Untracked 
|1116|0x00000007cb800000, 0x00000007cb9fffd8, 0x00000007cba00000| 99%| O|  |TAMS 0x00000007cb800000, 0x00000007cb800000| Untracked 
|1117|0x00000007cba00000, 0x00000007cbc00000, 0x00000007cbc00000|100%| O|  |TAMS 0x00000007cba00000, 0x00000007cba00000| Untracked 
|1118|0x00000007cbc00000, 0x00000007cbdfffc8, 0x00000007cbe00000| 99%| O|  |TAMS 0x00000007cbc00000, 0x00000007cbc00000| Untracked 
|1119|0x00000007cbe00000, 0x00000007cbfffff0, 0x00000007cc000000| 99%| O|  |TAMS 0x00000007cbe00000, 0x00000007cbe00000| Untracked 
|1120|0x00000007cc000000, 0x00000007cc1ffff0, 0x00000007cc200000| 99%| O|  |TAMS 0x00000007cc000000, 0x00000007cc000000| Untracked 
|1121|0x00000007cc200000, 0x00000007cc3ffff0, 0x00000007cc400000| 99%| O|  |TAMS 0x00000007cc200000, 0x00000007cc200000| Untracked 
|1122|0x00000007cc400000, 0x00000007cc5ffff8, 0x00000007cc600000| 99%| O|  |TAMS 0x00000007cc400000, 0x00000007cc400000| Untracked 
|1123|0x00000007cc600000, 0x00000007cc7fff88, 0x00000007cc800000| 99%| O|  |TAMS 0x00000007cc600000, 0x00000007cc600000| Untracked 
|1124|0x00000007cc800000, 0x00000007cc9ffff0, 0x00000007cca00000| 99%| O|  |TAMS 0x00000007cc800000, 0x00000007cc800000| Untracked 
|1125|0x00000007cca00000, 0x00000007ccbfffd0, 0x00000007ccc00000| 99%| O|  |TAMS 0x00000007cca00000, 0x00000007cca00000| Untracked 
|1126|0x00000007ccc00000, 0x00000007ccdfffc0, 0x00000007cce00000| 99%| O|  |TAMS 0x00000007ccc00000, 0x00000007ccc00000| Untracked 
|1127|0x00000007cce00000, 0x00000007cd000000, 0x00000007cd000000|100%| O|  |TAMS 0x00000007cce00000, 0x00000007cce00000| Untracked 
|1128|0x00000007cd000000, 0x00000007cd1ffff8, 0x00000007cd200000| 99%| O|  |TAMS 0x00000007cd000000, 0x00000007cd000000| Untracked 
|1129|0x00000007cd200000, 0x00000007cd3ffff8, 0x00000007cd400000| 99%| O|  |TAMS 0x00000007cd200000, 0x00000007cd200000| Untracked 
|1130|0x00000007cd400000, 0x00000007cd5fffd8, 0x00000007cd600000| 99%| O|  |TAMS 0x00000007cd400000, 0x00000007cd400000| Untracked 
|1131|0x00000007cd600000, 0x00000007cd7ffff8, 0x00000007cd800000| 99%| O|  |TAMS 0x00000007cd600000, 0x00000007cd600000| Untracked 
|1132|0x00000007cd800000, 0x00000007cd9ffff0, 0x00000007cda00000| 99%| O|  |TAMS 0x00000007cd800000, 0x00000007cd800000| Untracked 
|1133|0x00000007cda00000, 0x00000007cdbffff8, 0x00000007cdc00000| 99%| O|  |TAMS 0x00000007cda00000, 0x00000007cda00000| Untracked 
|1134|0x00000007cdc00000, 0x00000007cde00000, 0x00000007cde00000|100%| O|  |TAMS 0x00000007cdc00000, 0x00000007cdc00000| Untracked 
|1135|0x00000007cde00000, 0x00000007cdffffe8, 0x00000007ce000000| 99%| O|  |TAMS 0x00000007cde00000, 0x00000007cde00000| Untracked 
|1136|0x00000007ce000000, 0x00000007ce1ffff0, 0x00000007ce200000| 99%| O|  |TAMS 0x00000007ce000000, 0x00000007ce000000| Untracked 
|1137|0x00000007ce200000, 0x00000007ce3ffff8, 0x00000007ce400000| 99%| O|  |TAMS 0x00000007ce200000, 0x00000007ce200000| Untracked 
|1138|0x00000007ce400000, 0x00000007ce600000, 0x00000007ce600000|100%| O|  |TAMS 0x00000007ce400000, 0x00000007ce400000| Untracked 
|1139|0x00000007ce600000, 0x00000007ce800000, 0x00000007ce800000|100%| O|  |TAMS 0x00000007ce600000, 0x00000007ce600000| Untracked 
|1140|0x00000007ce800000, 0x00000007ce9ffff0, 0x00000007cea00000| 99%| O|  |TAMS 0x00000007ce800000, 0x00000007ce800000| Untracked 
|1141|0x00000007cea00000, 0x00000007cebffff8, 0x00000007cec00000| 99%| O|  |TAMS 0x00000007cea00000, 0x00000007cea00000| Untracked 
|1142|0x00000007cec00000, 0x00000007cedffff8, 0x00000007cee00000| 99%| O|  |TAMS 0x00000007cec00000, 0x00000007cec00000| Untracked 
|1143|0x00000007cee00000, 0x00000007cefffff0, 0x00000007cf000000| 99%| O|  |TAMS 0x00000007cee00000, 0x00000007cee00000| Untracked 
|1144|0x00000007cf000000, 0x00000007cf200000, 0x00000007cf200000|100%| O|  |TAMS 0x00000007cf000000, 0x00000007cf000000| Untracked 
|1145|0x00000007cf200000, 0x00000007cf400000, 0x00000007cf400000|100%| O|  |TAMS 0x00000007cf200000, 0x00000007cf200000| Untracked 
|1146|0x00000007cf400000, 0x00000007cf5ffff0, 0x00000007cf600000| 99%| O|  |TAMS 0x00000007cf400000, 0x00000007cf400000| Untracked 
|1147|0x00000007cf600000, 0x00000007cf7ffff0, 0x00000007cf800000| 99%| O|  |TAMS 0x00000007cf600000, 0x00000007cf600000| Untracked 
|1148|0x00000007cf800000, 0x00000007cfa00000, 0x00000007cfa00000|100%| O|  |TAMS 0x00000007cf800000, 0x00000007cf800000| Untracked 
|1149|0x00000007cfa00000, 0x00000007cfbffff0, 0x00000007cfc00000| 99%| O|  |TAMS 0x00000007cfa00000, 0x00000007cfa00000| Untracked 
|1150|0x00000007cfc00000, 0x00000007cfdffff0, 0x00000007cfe00000| 99%| O|  |TAMS 0x00000007cfc00000, 0x00000007cfc00000| Untracked 
|1151|0x00000007cfe00000, 0x00000007cffffff0, 0x00000007d0000000| 99%| O|  |TAMS 0x00000007cfe00000, 0x00000007cfe00000| Untracked 
|1152|0x00000007d0000000, 0x00000007d01ffff8, 0x00000007d0200000| 99%| O|  |TAMS 0x00000007d0000000, 0x00000007d0000000| Untracked 
|1153|0x00000007d0200000, 0x00000007d03fffb0, 0x00000007d0400000| 99%| O|  |TAMS 0x00000007d0200000, 0x00000007d0200000| Untracked 
|1154|0x00000007d0400000, 0x00000007d05ffff0, 0x00000007d0600000| 99%| O|  |TAMS 0x00000007d0400000, 0x00000007d0400000| Untracked 
|1155|0x00000007d0600000, 0x00000007d0800000, 0x00000007d0800000|100%| O|  |TAMS 0x00000007d0600000, 0x00000007d0600000| Untracked 
|1156|0x00000007d0800000, 0x00000007d09fff68, 0x00000007d0a00000| 99%| O|  |TAMS 0x00000007d0800000, 0x00000007d0800000| Untracked 
|1157|0x00000007d0a00000, 0x00000007d0bffff0, 0x00000007d0c00000| 99%| O|  |TAMS 0x00000007d0a00000, 0x00000007d0a00000| Untracked 
|1158|0x00000007d0c00000, 0x00000007d0e00000, 0x00000007d0e00000|100%| O|  |TAMS 0x00000007d0c00000, 0x00000007d0c00000| Untracked 
|1159|0x00000007d0e00000, 0x00000007d0fffff8, 0x00000007d1000000| 99%| O|  |TAMS 0x00000007d0e00000, 0x00000007d0e00000| Untracked 
|1160|0x00000007d1000000, 0x00000007d11ffff8, 0x00000007d1200000| 99%| O|  |TAMS 0x00000007d1000000, 0x00000007d1000000| Untracked 
|1161|0x00000007d1200000, 0x00000007d1400000, 0x00000007d1400000|100%| O|  |TAMS 0x00000007d1200000, 0x00000007d1200000| Untracked 
|1162|0x00000007d1400000, 0x00000007d15fffa0, 0x00000007d1600000| 99%| O|  |TAMS 0x00000007d1400000, 0x00000007d1400000| Untracked 
|1163|0x00000007d1600000, 0x00000007d17ffff0, 0x00000007d1800000| 99%| O|  |TAMS 0x00000007d1600000, 0x00000007d1600000| Untracked 
|1164|0x00000007d1800000, 0x00000007d19ffff8, 0x00000007d1a00000| 99%| O|  |TAMS 0x00000007d1800000, 0x00000007d1800000| Untracked 
|1165|0x00000007d1a00000, 0x00000007d1bfffc8, 0x00000007d1c00000| 99%| O|  |TAMS 0x00000007d1a00000, 0x00000007d1a00000| Untracked 
|1166|0x00000007d1c00000, 0x00000007d1dfffe0, 0x00000007d1e00000| 99%| O|  |TAMS 0x00000007d1c00000, 0x00000007d1c00000| Untracked 
|1167|0x00000007d1e00000, 0x00000007d1fffff0, 0x00000007d2000000| 99%| O|  |TAMS 0x00000007d1e00000, 0x00000007d1e00000| Untracked 
|1168|0x00000007d2000000, 0x00000007d2200000, 0x00000007d2200000|100%| O|  |TAMS 0x00000007d2000000, 0x00000007d2000000| Untracked 
|1169|0x00000007d2200000, 0x00000007d23ffff8, 0x00000007d2400000| 99%| O|  |TAMS 0x00000007d2200000, 0x00000007d2200000| Untracked 
|1170|0x00000007d2400000, 0x00000007d25ffff0, 0x00000007d2600000| 99%| O|  |TAMS 0x00000007d2400000, 0x00000007d2400000| Untracked 
|1171|0x00000007d2600000, 0x00000007d27ffff0, 0x00000007d2800000| 99%| O|  |TAMS 0x00000007d2600000, 0x00000007d2600000| Untracked 
|1172|0x00000007d2800000, 0x00000007d29ffff8, 0x00000007d2a00000| 99%| O|  |TAMS 0x00000007d2800000, 0x00000007d2800000| Untracked 
|1173|0x00000007d2a00000, 0x00000007d2c00000, 0x00000007d2c00000|100%| O|  |TAMS 0x00000007d2a00000, 0x00000007d2a00000| Untracked 
|1174|0x00000007d2c00000, 0x00000007d2dfffe8, 0x00000007d2e00000| 99%| O|  |TAMS 0x00000007d2c00000, 0x00000007d2c00000| Untracked 
|1175|0x00000007d2e00000, 0x00000007d2ffffe0, 0x00000007d3000000| 99%| O|  |TAMS 0x00000007d2e00000, 0x00000007d2e00000| Untracked 
|1176|0x00000007d3000000, 0x00000007d31fffe8, 0x00000007d3200000| 99%| O|  |TAMS 0x00000007d3000000, 0x00000007d3000000| Untracked 
|1177|0x00000007d3200000, 0x00000007d33fff70, 0x00000007d3400000| 99%| O|  |TAMS 0x00000007d3200000, 0x00000007d3200000| Untracked 
|1178|0x00000007d3400000, 0x00000007d35ffff8, 0x00000007d3600000| 99%| O|  |TAMS 0x00000007d3400000, 0x00000007d3400000| Untracked 
|1179|0x00000007d3600000, 0x00000007d37ffff0, 0x00000007d3800000| 99%| O|  |TAMS 0x00000007d3600000, 0x00000007d3600000| Untracked 
|1180|0x00000007d3800000, 0x00000007d39ffff8, 0x00000007d3a00000| 99%| O|  |TAMS 0x00000007d3800000, 0x00000007d3800000| Untracked 
|1181|0x00000007d3a00000, 0x00000007d3bfff90, 0x00000007d3c00000| 99%| O|  |TAMS 0x00000007d3a00000, 0x00000007d3a00000| Untracked 
|1182|0x00000007d3c00000, 0x00000007d3dffff0, 0x00000007d3e00000| 99%| O|  |TAMS 0x00000007d3c00000, 0x00000007d3c00000| Untracked 
|1183|0x00000007d3e00000, 0x00000007d3ffffc0, 0x00000007d4000000| 99%| O|  |TAMS 0x00000007d3e00000, 0x00000007d3e00000| Untracked 
|1184|0x00000007d4000000, 0x00000007d4200000, 0x00000007d4200000|100%| O|  |TAMS 0x00000007d4000000, 0x00000007d4000000| Untracked 
|1185|0x00000007d4200000, 0x00000007d43ffff8, 0x00000007d4400000| 99%| O|  |TAMS 0x00000007d4200000, 0x00000007d4200000| Untracked 
|1186|0x00000007d4400000, 0x00000007d4600000, 0x00000007d4600000|100%| O|  |TAMS 0x00000007d4400000, 0x00000007d4400000| Untracked 
|1187|0x00000007d4600000, 0x00000007d4800000, 0x00000007d4800000|100%| O|  |TAMS 0x00000007d4600000, 0x00000007d4600000| Untracked 
|1188|0x00000007d4800000, 0x00000007d4a00000, 0x00000007d4a00000|100%| O|  |TAMS 0x00000007d4800000, 0x00000007d4800000| Untracked 
|1189|0x00000007d4a00000, 0x00000007d4c00000, 0x00000007d4c00000|100%| O|  |TAMS 0x00000007d4a00000, 0x00000007d4a00000| Untracked 
|1190|0x00000007d4c00000, 0x00000007d4dffff0, 0x00000007d4e00000| 99%| O|  |TAMS 0x00000007d4c00000, 0x00000007d4c00000| Untracked 
|1191|0x00000007d4e00000, 0x00000007d4fffff0, 0x00000007d5000000| 99%| O|  |TAMS 0x00000007d4e00000, 0x00000007d4e00000| Untracked 
|1192|0x00000007d5000000, 0x00000007d5200000, 0x00000007d5200000|100%| O|  |TAMS 0x00000007d5000000, 0x00000007d5000000| Untracked 
|1193|0x00000007d5200000, 0x00000007d53ffff0, 0x00000007d5400000| 99%| O|  |TAMS 0x00000007d5200000, 0x00000007d5200000| Untracked 
|1194|0x00000007d5400000, 0x00000007d55fffc0, 0x00000007d5600000| 99%| O|  |TAMS 0x00000007d5400000, 0x00000007d5400000| Untracked 
|1195|0x00000007d5600000, 0x00000007d57ffff8, 0x00000007d5800000| 99%| O|  |TAMS 0x00000007d5600000, 0x00000007d5600000| Untracked 
|1196|0x00000007d5800000, 0x00000007d59ffff0, 0x00000007d5a00000| 99%| O|  |TAMS 0x00000007d5800000, 0x00000007d5800000| Untracked 
|1197|0x00000007d5a00000, 0x00000007d5bffff0, 0x00000007d5c00000| 99%| O|  |TAMS 0x00000007d5a00000, 0x00000007d5a00000| Untracked 
|1198|0x00000007d5c00000, 0x00000007d5e00000, 0x00000007d5e00000|100%| O|  |TAMS 0x00000007d5c00000, 0x00000007d5c00000| Untracked 
|1199|0x00000007d5e00000, 0x00000007d5ffffd0, 0x00000007d6000000| 99%| O|  |TAMS 0x00000007d5e00000, 0x00000007d5e00000| Untracked 
|1200|0x00000007d6000000, 0x00000007d6200000, 0x00000007d6200000|100%| O|  |TAMS 0x00000007d6000000, 0x00000007d6000000| Untracked 
|1201|0x00000007d6200000, 0x00000007d63fff88, 0x00000007d6400000| 99%| O|  |TAMS 0x00000007d6200000, 0x00000007d6200000| Untracked 
|1202|0x00000007d6400000, 0x00000007d6600000, 0x00000007d6600000|100%| O|  |TAMS 0x00000007d6400000, 0x00000007d6400000| Untracked 
|1203|0x00000007d6600000, 0x00000007d67ffff0, 0x00000007d6800000| 99%| O|  |TAMS 0x00000007d6600000, 0x00000007d6600000| Untracked 
|1204|0x00000007d6800000, 0x00000007d69ffff0, 0x00000007d6a00000| 99%| O|  |TAMS 0x00000007d6800000, 0x00000007d6800000| Untracked 
|1205|0x00000007d6a00000, 0x00000007d6c00000, 0x00000007d6c00000|100%| O|  |TAMS 0x00000007d6a00000, 0x00000007d6a00000| Untracked 
|1206|0x00000007d6c00000, 0x00000007d6dffff0, 0x00000007d6e00000| 99%| O|  |TAMS 0x00000007d6c00000, 0x00000007d6c00000| Untracked 
|1207|0x00000007d6e00000, 0x00000007d7000000, 0x00000007d7000000|100%| O|  |TAMS 0x00000007d6e00000, 0x00000007d6e00000| Untracked 
|1208|0x00000007d7000000, 0x00000007d71fffe8, 0x00000007d7200000| 99%| O|  |TAMS 0x00000007d7000000, 0x00000007d7000000| Untracked 
|1209|0x00000007d7200000, 0x00000007d7400000, 0x00000007d7400000|100%| O|  |TAMS 0x00000007d7200000, 0x00000007d7200000| Untracked 
|1210|0x00000007d7400000, 0x00000007d75ffff8, 0x00000007d7600000| 99%| O|  |TAMS 0x00000007d7400000, 0x00000007d7400000| Untracked 
|1211|0x00000007d7600000, 0x00000007d77fffa8, 0x00000007d7800000| 99%| O|  |TAMS 0x00000007d7600000, 0x00000007d7600000| Untracked 
|1212|0x00000007d7800000, 0x00000007d79fffd8, 0x00000007d7a00000| 99%| O|  |TAMS 0x00000007d7800000, 0x00000007d7800000| Untracked 
|1213|0x00000007d7a00000, 0x00000007d7bffff0, 0x00000007d7c00000| 99%| O|  |TAMS 0x00000007d7a00000, 0x00000007d7a00000| Untracked 
|1214|0x00000007d7c00000, 0x00000007d7e00000, 0x00000007d7e00000|100%| O|  |TAMS 0x00000007d7c00000, 0x00000007d7c00000| Untracked 
|1215|0x00000007d7e00000, 0x00000007d7ffff70, 0x00000007d8000000| 99%| O|  |TAMS 0x00000007d7e00000, 0x00000007d7e00000| Untracked 
|1216|0x00000007d8000000, 0x00000007d81ffff0, 0x00000007d8200000| 99%| O|  |TAMS 0x00000007d8000000, 0x00000007d8000000| Untracked 
|1217|0x00000007d8200000, 0x00000007d83ffff0, 0x00000007d8400000| 99%| O|  |TAMS 0x00000007d8200000, 0x00000007d8200000| Untracked 
|1218|0x00000007d8400000, 0x00000007d85ffff0, 0x00000007d8600000| 99%| O|  |TAMS 0x00000007d8400000, 0x00000007d8400000| Untracked 
|1219|0x00000007d8600000, 0x00000007d8800000, 0x00000007d8800000|100%| O|  |TAMS 0x00000007d8600000, 0x00000007d8600000| Untracked 
|1220|0x00000007d8800000, 0x00000007d89ffff0, 0x00000007d8a00000| 99%| O|  |TAMS 0x00000007d8800000, 0x00000007d8800000| Untracked 
|1221|0x00000007d8a00000, 0x00000007d8bfffe8, 0x00000007d8c00000| 99%| O|  |TAMS 0x00000007d8a00000, 0x00000007d8a00000| Untracked 
|1222|0x00000007d8c00000, 0x00000007d8dfffd0, 0x00000007d8e00000| 99%| O|  |TAMS 0x00000007d8c00000, 0x00000007d8c00000| Untracked 
|1223|0x00000007d8e00000, 0x00000007d8fffff0, 0x00000007d9000000| 99%| O|  |TAMS 0x00000007d8e00000, 0x00000007d8e00000| Untracked 
|1224|0x00000007d9000000, 0x00000007d91ffff8, 0x00000007d9200000| 99%| O|  |TAMS 0x00000007d9000000, 0x00000007d9000000| Untracked 
|1225|0x00000007d9200000, 0x00000007d93ffff0, 0x00000007d9400000| 99%| O|  |TAMS 0x00000007d9200000, 0x00000007d9200000| Untracked 
|1226|0x00000007d9400000, 0x00000007d9600000, 0x00000007d9600000|100%| O|  |TAMS 0x00000007d9400000, 0x00000007d9400000| Untracked 
|1227|0x00000007d9600000, 0x00000007d97fffe8, 0x00000007d9800000| 99%| O|  |TAMS 0x00000007d9600000, 0x00000007d9600000| Untracked 
|1228|0x00000007d9800000, 0x00000007d99ffff8, 0x00000007d9a00000| 99%| O|  |TAMS 0x00000007d9800000, 0x00000007d9800000| Untracked 
|1229|0x00000007d9a00000, 0x00000007d9bfffd0, 0x00000007d9c00000| 99%| O|  |TAMS 0x00000007d9a00000, 0x00000007d9a00000| Untracked 
|1230|0x00000007d9c00000, 0x00000007d9dffff0, 0x00000007d9e00000| 99%| O|  |TAMS 0x00000007d9c00000, 0x00000007d9c00000| Untracked 
|1231|0x00000007d9e00000, 0x00000007d9ffffb8, 0x00000007da000000| 99%| O|  |TAMS 0x00000007d9e00000, 0x00000007d9e00000| Untracked 
|1232|0x00000007da000000, 0x00000007da1fff48, 0x00000007da200000| 99%| O|  |TAMS 0x00000007da000000, 0x00000007da000000| Untracked 
|1233|0x00000007da200000, 0x00000007da3fff90, 0x00000007da400000| 99%| O|  |TAMS 0x00000007da200000, 0x00000007da200000| Untracked 
|1234|0x00000007da400000, 0x00000007da600000, 0x00000007da600000|100%| O|  |TAMS 0x00000007da400000, 0x00000007da400000| Untracked 
|1235|0x00000007da600000, 0x00000007da800000, 0x00000007da800000|100%| O|  |TAMS 0x00000007da600000, 0x00000007da600000| Untracked 
|1236|0x00000007da800000, 0x00000007daa00000, 0x00000007daa00000|100%| O|  |TAMS 0x00000007da800000, 0x00000007da800000| Untracked 
|1237|0x00000007daa00000, 0x00000007dac00000, 0x00000007dac00000|100%| O|  |TAMS 0x00000007daa00000, 0x00000007daa00000| Untracked 
|1238|0x00000007dac00000, 0x00000007dadfff98, 0x00000007dae00000| 99%| O|  |TAMS 0x00000007dac00000, 0x00000007dac00000| Untracked 
|1239|0x00000007dae00000, 0x00000007dafffff8, 0x00000007db000000| 99%| O|  |TAMS 0x00000007dae00000, 0x00000007dae00000| Untracked 
|1240|0x00000007db000000, 0x00000007db1ffff8, 0x00000007db200000| 99%| O|  |TAMS 0x00000007db000000, 0x00000007db000000| Untracked 
|1241|0x00000007db200000, 0x00000007db3fff70, 0x00000007db400000| 99%| O|  |TAMS 0x00000007db200000, 0x00000007db200000| Untracked 
|1242|0x00000007db400000, 0x00000007db5ffff8, 0x00000007db600000| 99%| O|  |TAMS 0x00000007db400000, 0x00000007db400000| Untracked 
|1243|0x00000007db600000, 0x00000007db7ffff0, 0x00000007db800000| 99%| O|  |TAMS 0x00000007db600000, 0x00000007db600000| Untracked 
|1244|0x00000007db800000, 0x00000007db9ffff0, 0x00000007dba00000| 99%| O|  |TAMS 0x00000007db800000, 0x00000007db800000| Untracked 
|1245|0x00000007dba00000, 0x00000007dbc00000, 0x00000007dbc00000|100%| O|  |TAMS 0x00000007dba00000, 0x00000007dba00000| Untracked 
|1246|0x00000007dbc00000, 0x00000007dbdfffe8, 0x00000007dbe00000| 99%| O|  |TAMS 0x00000007dbc00000, 0x00000007dbc00000| Untracked 
|1247|0x00000007dbe00000, 0x00000007dc000000, 0x00000007dc000000|100%| O|  |TAMS 0x00000007dbe00000, 0x00000007dbe00000| Untracked 
|1248|0x00000007dc000000, 0x00000007dc200000, 0x00000007dc200000|100%| O|  |TAMS 0x00000007dc000000, 0x00000007dc000000| Untracked 
|1249|0x00000007dc200000, 0x00000007dc3ffff8, 0x00000007dc400000| 99%| O|  |TAMS 0x00000007dc200000, 0x00000007dc200000| Untracked 
|1250|0x00000007dc400000, 0x00000007dc5fffc0, 0x00000007dc600000| 99%| O|  |TAMS 0x00000007dc400000, 0x00000007dc400000| Untracked 
|1251|0x00000007dc600000, 0x00000007dc7fffe8, 0x00000007dc800000| 99%| O|  |TAMS 0x00000007dc600000, 0x00000007dc600000| Untracked 
|1252|0x00000007dc800000, 0x00000007dc9ffff8, 0x00000007dca00000| 99%| O|  |TAMS 0x00000007dc800000, 0x00000007dc800000| Untracked 
|1253|0x00000007dca00000, 0x00000007dcbffff8, 0x00000007dcc00000| 99%| O|  |TAMS 0x00000007dca00000, 0x00000007dca00000| Untracked 
|1254|0x00000007dcc00000, 0x00000007dcdfffc0, 0x00000007dce00000| 99%| O|  |TAMS 0x00000007dcc00000, 0x00000007dcc00000| Untracked 
|1255|0x00000007dce00000, 0x00000007dd000000, 0x00000007dd000000|100%| O|  |TAMS 0x00000007dce00000, 0x00000007dce00000| Untracked 
|1256|0x00000007dd000000, 0x00000007dd1fffc8, 0x00000007dd200000| 99%| O|  |TAMS 0x00000007dd000000, 0x00000007dd000000| Untracked 
|1257|0x00000007dd200000, 0x00000007dd3ffff0, 0x00000007dd400000| 99%| O|  |TAMS 0x00000007dd200000, 0x00000007dd200000| Untracked 
|1258|0x00000007dd400000, 0x00000007dd600000, 0x00000007dd600000|100%| O|  |TAMS 0x00000007dd400000, 0x00000007dd400000| Untracked 
|1259|0x00000007dd600000, 0x00000007dd800000, 0x00000007dd800000|100%| O|  |TAMS 0x00000007dd600000, 0x00000007dd600000| Untracked 
|1260|0x00000007dd800000, 0x00000007dd9ffff8, 0x00000007dda00000| 99%| O|  |TAMS 0x00000007dd800000, 0x00000007dd800000| Untracked 
|1261|0x00000007dda00000, 0x00000007ddc00000, 0x00000007ddc00000|100%| O|  |TAMS 0x00000007dda00000, 0x00000007dda00000| Untracked 
|1262|0x00000007ddc00000, 0x00000007dddfff90, 0x00000007dde00000| 99%| O|  |TAMS 0x00000007ddc00000, 0x00000007ddc00000| Untracked 
|1263|0x00000007dde00000, 0x00000007ddfffff8, 0x00000007de000000| 99%| O|  |TAMS 0x00000007dde00000, 0x00000007dde00000| Untracked 
|1264|0x00000007de000000, 0x00000007de200000, 0x00000007de200000|100%| O|  |TAMS 0x00000007de000000, 0x00000007de000000| Untracked 
|1265|0x00000007de200000, 0x00000007de3ffff8, 0x00000007de400000| 99%| O|  |TAMS 0x00000007de200000, 0x00000007de200000| Untracked 
|1266|0x00000007de400000, 0x00000007de5fffe8, 0x00000007de600000| 99%| O|  |TAMS 0x00000007de400000, 0x00000007de400000| Untracked 
|1267|0x00000007de600000, 0x00000007de7fffe8, 0x00000007de800000| 99%| O|  |TAMS 0x00000007de600000, 0x00000007de600000| Untracked 
|1268|0x00000007de800000, 0x00000007de9fffd0, 0x00000007dea00000| 99%| O|  |TAMS 0x00000007de800000, 0x00000007de800000| Untracked 
|1269|0x00000007dea00000, 0x00000007dec00000, 0x00000007dec00000|100%| O|  |TAMS 0x00000007dea00000, 0x00000007dea00000| Untracked 
|1270|0x00000007dec00000, 0x00000007dedfffc0, 0x00000007dee00000| 99%| O|  |TAMS 0x00000007dec00000, 0x00000007dec00000| Untracked 
|1271|0x00000007dee00000, 0x00000007defffff0, 0x00000007df000000| 99%| O|  |TAMS 0x00000007dee00000, 0x00000007dee00000| Untracked 
|1272|0x00000007df000000, 0x00000007df1ffff8, 0x00000007df200000| 99%| O|  |TAMS 0x00000007df000000, 0x00000007df000000| Untracked 
|1273|0x00000007df200000, 0x00000007df3ffff0, 0x00000007df400000| 99%| O|  |TAMS 0x00000007df200000, 0x00000007df200000| Untracked 
|1274|0x00000007df400000, 0x00000007df5ffff8, 0x00000007df600000| 99%| O|  |TAMS 0x00000007df400000, 0x00000007df400000| Untracked 
|1275|0x00000007df600000, 0x00000007df7fffa0, 0x00000007df800000| 99%| O|  |TAMS 0x00000007df600000, 0x00000007df600000| Untracked 
|1276|0x00000007df800000, 0x00000007df9ffff0, 0x00000007dfa00000| 99%| O|  |TAMS 0x00000007df800000, 0x00000007df800000| Untracked 
|1277|0x00000007dfa00000, 0x00000007dfbffff0, 0x00000007dfc00000| 99%| O|  |TAMS 0x00000007dfa00000, 0x00000007dfa00000| Untracked 
|1278|0x00000007dfc00000, 0x00000007dfdfffd0, 0x00000007dfe00000| 99%| O|  |TAMS 0x00000007dfc00000, 0x00000007dfc00000| Untracked 
|1279|0x00000007dfe00000, 0x00000007e0000000, 0x00000007e0000000|100%| O|  |TAMS 0x00000007dfe00000, 0x00000007dfe00000| Untracked 
|1280|0x00000007e0000000, 0x00000007e01fffe8, 0x00000007e0200000| 99%| O|  |TAMS 0x00000007e0000000, 0x00000007e0000000| Untracked 
|1281|0x00000007e0200000, 0x00000007e03ffff8, 0x00000007e0400000| 99%| O|  |TAMS 0x00000007e0200000, 0x00000007e0200000| Untracked 
|1282|0x00000007e0400000, 0x00000007e05fffe0, 0x00000007e0600000| 99%| O|  |TAMS 0x00000007e0400000, 0x00000007e0400000| Untracked 
|1283|0x00000007e0600000, 0x00000007e0800000, 0x00000007e0800000|100%| O|  |TAMS 0x00000007e0600000, 0x00000007e0600000| Untracked 
|1284|0x00000007e0800000, 0x00000007e09fff78, 0x00000007e0a00000| 99%| O|  |TAMS 0x00000007e0800000, 0x00000007e0800000| Untracked 
|1285|0x00000007e0a00000, 0x00000007e0bffff0, 0x00000007e0c00000| 99%| O|  |TAMS 0x00000007e0a00000, 0x00000007e0a00000| Untracked 
|1286|0x00000007e0c00000, 0x00000007e0dfffc0, 0x00000007e0e00000| 99%| O|  |TAMS 0x00000007e0c00000, 0x00000007e0c00000| Untracked 
|1287|0x00000007e0e00000, 0x00000007e1000000, 0x00000007e1000000|100%| O|  |TAMS 0x00000007e0e00000, 0x00000007e0e00000| Untracked 
|1288|0x00000007e1000000, 0x00000007e11ffff0, 0x00000007e1200000| 99%| O|  |TAMS 0x00000007e1000000, 0x00000007e1000000| Untracked 
|1289|0x00000007e1200000, 0x00000007e13ffff8, 0x00000007e1400000| 99%| O|  |TAMS 0x00000007e1200000, 0x00000007e1200000| Untracked 
|1290|0x00000007e1400000, 0x00000007e15fff98, 0x00000007e1600000| 99%| O|  |TAMS 0x00000007e1400000, 0x00000007e1400000| Untracked 
|1291|0x00000007e1600000, 0x00000007e17fffe0, 0x00000007e1800000| 99%| O|  |TAMS 0x00000007e1600000, 0x00000007e1600000| Untracked 
|1292|0x00000007e1800000, 0x00000007e1a00000, 0x00000007e1a00000|100%| O|  |TAMS 0x00000007e1800000, 0x00000007e1800000| Untracked 
|1293|0x00000007e1a00000, 0x00000007e1bffff0, 0x00000007e1c00000| 99%| O|  |TAMS 0x00000007e1a00000, 0x00000007e1a00000| Untracked 
|1294|0x00000007e1c00000, 0x00000007e1dfffc0, 0x00000007e1e00000| 99%| O|  |TAMS 0x00000007e1c00000, 0x00000007e1c00000| Untracked 
|1295|0x00000007e1e00000, 0x00000007e1fffff8, 0x00000007e2000000| 99%| O|  |TAMS 0x00000007e1e00000, 0x00000007e1e00000| Untracked 
|1296|0x00000007e2000000, 0x00000007e21ffff8, 0x00000007e2200000| 99%| O|  |TAMS 0x00000007e2000000, 0x00000007e2000000| Untracked 
|1297|0x00000007e2200000, 0x00000007e2400000, 0x00000007e2400000|100%| O|  |TAMS 0x00000007e2200000, 0x00000007e2200000| Untracked 
|1298|0x00000007e2400000, 0x00000007e2600000, 0x00000007e2600000|100%| O|  |TAMS 0x00000007e2400000, 0x00000007e2400000| Untracked 
|1299|0x00000007e2600000, 0x00000007e27fffc8, 0x00000007e2800000| 99%| O|  |TAMS 0x00000007e2600000, 0x00000007e2600000| Untracked 
|1300|0x00000007e2800000, 0x00000007e2a00000, 0x00000007e2a00000|100%| O|  |TAMS 0x00000007e2800000, 0x00000007e2800000| Untracked 
|1301|0x00000007e2a00000, 0x00000007e2bffff8, 0x00000007e2c00000| 99%| O|  |TAMS 0x00000007e2a00000, 0x00000007e2a00000| Untracked 
|1302|0x00000007e2c00000, 0x00000007e2dffff8, 0x00000007e2e00000| 99%| O|  |TAMS 0x00000007e2c00000, 0x00000007e2c00000| Untracked 
|1303|0x00000007e2e00000, 0x00000007e2ffff98, 0x00000007e3000000| 99%| O|  |TAMS 0x00000007e2e00000, 0x00000007e2e00000| Untracked 
|1304|0x00000007e3000000, 0x00000007e31fff98, 0x00000007e3200000| 99%| O|  |TAMS 0x00000007e3000000, 0x00000007e3000000| Untracked 
|1305|0x00000007e3200000, 0x00000007e3400000, 0x00000007e3400000|100%| O|  |TAMS 0x00000007e3200000, 0x00000007e3200000| Untracked 
|1306|0x00000007e3400000, 0x00000007e3600000, 0x00000007e3600000|100%| O|  |TAMS 0x00000007e3400000, 0x00000007e3400000| Untracked 
|1307|0x00000007e3600000, 0x00000007e37ffff0, 0x00000007e3800000| 99%| O|  |TAMS 0x00000007e3600000, 0x00000007e3600000| Untracked 
|1308|0x00000007e3800000, 0x00000007e39ffff8, 0x00000007e3a00000| 99%| O|  |TAMS 0x00000007e3800000, 0x00000007e3800000| Untracked 
|1309|0x00000007e3a00000, 0x00000007e3bffff8, 0x00000007e3c00000| 99%| O|  |TAMS 0x00000007e3a00000, 0x00000007e3a00000| Untracked 
|1310|0x00000007e3c00000, 0x00000007e3e00000, 0x00000007e3e00000|100%| O|  |TAMS 0x00000007e3c00000, 0x00000007e3c00000| Untracked 
|1311|0x00000007e3e00000, 0x00000007e3ffff88, 0x00000007e4000000| 99%| O|  |TAMS 0x00000007e3e00000, 0x00000007e3e00000| Untracked 
|1312|0x00000007e4000000, 0x00000007e41ffff8, 0x00000007e4200000| 99%| O|  |TAMS 0x00000007e4000000, 0x00000007e4000000| Untracked 
|1313|0x00000007e4200000, 0x00000007e43fffe8, 0x00000007e4400000| 99%| O|  |TAMS 0x00000007e4200000, 0x00000007e4200000| Untracked 
|1314|0x00000007e4400000, 0x00000007e45fffd0, 0x00000007e4600000| 99%| O|  |TAMS 0x00000007e4400000, 0x00000007e4400000| Untracked 
|1315|0x00000007e4600000, 0x00000007e47ffff8, 0x00000007e4800000| 99%| O|  |TAMS 0x00000007e4600000, 0x00000007e4600000| Untracked 
|1316|0x00000007e4800000, 0x00000007e49ffff8, 0x00000007e4a00000| 99%| O|  |TAMS 0x00000007e4800000, 0x00000007e4800000| Untracked 
|1317|0x00000007e4a00000, 0x00000007e4c00000, 0x00000007e4c00000|100%| O|  |TAMS 0x00000007e4a00000, 0x00000007e4a00000| Untracked 
|1318|0x00000007e4c00000, 0x00000007e4dffff0, 0x00000007e4e00000| 99%| O|  |TAMS 0x00000007e4c00000, 0x00000007e4c00000| Untracked 
|1319|0x00000007e4e00000, 0x00000007e4ffffc8, 0x00000007e5000000| 99%| O|  |TAMS 0x00000007e4e00000, 0x00000007e4e00000| Untracked 
|1320|0x00000007e5000000, 0x00000007e51fffb0, 0x00000007e5200000| 99%| O|  |TAMS 0x00000007e5000000, 0x00000007e5000000| Untracked 
|1321|0x00000007e5200000, 0x00000007e53ffff0, 0x00000007e5400000| 99%| O|  |TAMS 0x00000007e5200000, 0x00000007e5200000| Untracked 
|1322|0x00000007e5400000, 0x00000007e55fff88, 0x00000007e5600000| 99%| O|  |TAMS 0x00000007e5400000, 0x00000007e5400000| Untracked 
|1323|0x00000007e5600000, 0x00000007e57fff88, 0x00000007e5800000| 99%| O|  |TAMS 0x00000007e5600000, 0x00000007e5600000| Untracked 
|1324|0x00000007e5800000, 0x00000007e5a00000, 0x00000007e5a00000|100%| O|  |TAMS 0x00000007e5800000, 0x00000007e5800000| Untracked 
|1325|0x00000007e5a00000, 0x00000007e5bfff88, 0x00000007e5c00000| 99%| O|  |TAMS 0x00000007e5a00000, 0x00000007e5a00000| Untracked 
|1326|0x00000007e5c00000, 0x00000007e5dffff8, 0x00000007e5e00000| 99%| O|  |TAMS 0x00000007e5c00000, 0x00000007e5c00000| Untracked 
|1327|0x00000007e5e00000, 0x00000007e5fffff8, 0x00000007e6000000| 99%| O|  |TAMS 0x00000007e5e00000, 0x00000007e5e00000| Untracked 
|1328|0x00000007e6000000, 0x00000007e61ffff0, 0x00000007e6200000| 99%| O|  |TAMS 0x00000007e6000000, 0x00000007e6000000| Untracked 
|1329|0x00000007e6200000, 0x00000007e63ffff8, 0x00000007e6400000| 99%| O|  |TAMS 0x00000007e6200000, 0x00000007e6200000| Untracked 
|1330|0x00000007e6400000, 0x00000007e6600000, 0x00000007e6600000|100%| O|  |TAMS 0x00000007e6400000, 0x00000007e6400000| Untracked 
|1331|0x00000007e6600000, 0x00000007e67ffff0, 0x00000007e6800000| 99%| O|  |TAMS 0x00000007e6600000, 0x00000007e6600000| Untracked 
|1332|0x00000007e6800000, 0x00000007e69fffb0, 0x00000007e6a00000| 99%| O|  |TAMS 0x00000007e6800000, 0x00000007e6800000| Untracked 
|1333|0x00000007e6a00000, 0x00000007e6bffff8, 0x00000007e6c00000| 99%| O|  |TAMS 0x00000007e6a00000, 0x00000007e6a00000| Untracked 
|1334|0x00000007e6c00000, 0x00000007e6dffff0, 0x00000007e6e00000| 99%| O|  |TAMS 0x00000007e6c00000, 0x00000007e6c00000| Untracked 
|1335|0x00000007e6e00000, 0x00000007e6ffffe0, 0x00000007e7000000| 99%| O|  |TAMS 0x00000007e6e00000, 0x00000007e6e00000| Untracked 
|1336|0x00000007e7000000, 0x00000007e71ffff0, 0x00000007e7200000| 99%| O|  |TAMS 0x00000007e7000000, 0x00000007e7000000| Untracked 
|1337|0x00000007e7200000, 0x00000007e7400000, 0x00000007e7400000|100%| O|  |TAMS 0x00000007e7200000, 0x00000007e7200000| Untracked 
|1338|0x00000007e7400000, 0x00000007e75fffd0, 0x00000007e7600000| 99%| O|  |TAMS 0x00000007e7400000, 0x00000007e7400000| Untracked 
|1339|0x00000007e7600000, 0x00000007e77ffff8, 0x00000007e7800000| 99%| O|  |TAMS 0x00000007e7600000, 0x00000007e7600000| Untracked 
|1340|0x00000007e7800000, 0x00000007e79fffa0, 0x00000007e7a00000| 99%| O|  |TAMS 0x00000007e7800000, 0x00000007e7800000| Untracked 
|1341|0x00000007e7a00000, 0x00000007e7c00000, 0x00000007e7c00000|100%| O|  |TAMS 0x00000007e7a00000, 0x00000007e7a00000| Untracked 
|1342|0x00000007e7c00000, 0x00000007e7dffff8, 0x00000007e7e00000| 99%| O|  |TAMS 0x00000007e7c00000, 0x00000007e7c00000| Untracked 
|1343|0x00000007e7e00000, 0x00000007e7ffff88, 0x00000007e8000000| 99%| O|  |TAMS 0x00000007e7e00000, 0x00000007e7e00000| Untracked 
|1344|0x00000007e8000000, 0x00000007e81fffc0, 0x00000007e8200000| 99%| O|  |TAMS 0x00000007e8000000, 0x00000007e8000000| Untracked 
|1345|0x00000007e8200000, 0x00000007e83ffff0, 0x00000007e8400000| 99%| O|  |TAMS 0x00000007e8200000, 0x00000007e8200000| Untracked 
|1346|0x00000007e8400000, 0x00000007e85ffff0, 0x00000007e8600000| 99%| O|  |TAMS 0x00000007e8400000, 0x00000007e8400000| Untracked 
|1347|0x00000007e8600000, 0x00000007e87fffc0, 0x00000007e8800000| 99%| O|  |TAMS 0x00000007e8600000, 0x00000007e8600000| Untracked 
|1348|0x00000007e8800000, 0x00000007e8a00000, 0x00000007e8a00000|100%| O|  |TAMS 0x00000007e8800000, 0x00000007e8800000| Untracked 
|1349|0x00000007e8a00000, 0x00000007e8bffff0, 0x00000007e8c00000| 99%| O|  |TAMS 0x00000007e8a00000, 0x00000007e8a00000| Untracked 
|1350|0x00000007e8c00000, 0x00000007e8dffff8, 0x00000007e8e00000| 99%| O|  |TAMS 0x00000007e8c00000, 0x00000007e8c00000| Untracked 
|1351|0x00000007e8e00000, 0x00000007e8fffff0, 0x00000007e9000000| 99%| O|  |TAMS 0x00000007e8e00000, 0x00000007e8e00000| Untracked 
|1352|0x00000007e9000000, 0x00000007e91ffff8, 0x00000007e9200000| 99%| O|  |TAMS 0x00000007e9000000, 0x00000007e9000000| Untracked 
|1353|0x00000007e9200000, 0x00000007e9400000, 0x00000007e9400000|100%| O|  |TAMS 0x00000007e9200000, 0x00000007e9200000| Untracked 
|1354|0x00000007e9400000, 0x00000007e95ffff0, 0x00000007e9600000| 99%| O|  |TAMS 0x00000007e9400000, 0x00000007e9400000| Untracked 
|1355|0x00000007e9600000, 0x00000007e97ffff0, 0x00000007e9800000| 99%| O|  |TAMS 0x00000007e9600000, 0x00000007e9600000| Untracked 
|1356|0x00000007e9800000, 0x00000007e99ffff8, 0x00000007e9a00000| 99%| O|  |TAMS 0x00000007e9800000, 0x00000007e9800000| Untracked 
|1357|0x00000007e9a00000, 0x00000007e9bfff90, 0x00000007e9c00000| 99%| O|  |TAMS 0x00000007e9a00000, 0x00000007e9a00000| Untracked 
|1358|0x00000007e9c00000, 0x00000007e9dffff0, 0x00000007e9e00000| 99%| O|  |TAMS 0x00000007e9c00000, 0x00000007e9c00000| Untracked 
|1359|0x00000007e9e00000, 0x00000007e9fffff8, 0x00000007ea000000| 99%| O|  |TAMS 0x00000007e9e00000, 0x00000007e9e00000| Untracked 
|1360|0x00000007ea000000, 0x00000007ea1fffe8, 0x00000007ea200000| 99%| O|  |TAMS 0x00000007ea000000, 0x00000007ea000000| Untracked 
|1361|0x00000007ea200000, 0x00000007ea3fffe0, 0x00000007ea400000| 99%| O|  |TAMS 0x00000007ea200000, 0x00000007ea200000| Untracked 
|1362|0x00000007ea400000, 0x00000007ea5ffff8, 0x00000007ea600000| 99%| O|  |TAMS 0x00000007ea400000, 0x00000007ea400000| Untracked 
|1363|0x00000007ea600000, 0x00000007ea800000, 0x00000007ea800000|100%| O|  |TAMS 0x00000007ea600000, 0x00000007ea600000| Untracked 
|1364|0x00000007ea800000, 0x00000007ea9fffd8, 0x00000007eaa00000| 99%| O|  |TAMS 0x00000007ea800000, 0x00000007ea800000| Untracked 
|1365|0x00000007eaa00000, 0x00000007eabfffd8, 0x00000007eac00000| 99%| O|  |TAMS 0x00000007eaa00000, 0x00000007eaa00000| Untracked 
|1366|0x00000007eac00000, 0x00000007eadffff0, 0x00000007eae00000| 99%| O|  |TAMS 0x00000007eac00000, 0x00000007eac00000| Untracked 
|1367|0x00000007eae00000, 0x00000007eaffffd0, 0x00000007eb000000| 99%| O|  |TAMS 0x00000007eae00000, 0x00000007eae00000| Untracked 
|1368|0x00000007eb000000, 0x00000007eb200000, 0x00000007eb200000|100%| O|  |TAMS 0x00000007eb000000, 0x00000007eb000000| Untracked 
|1369|0x00000007eb200000, 0x00000007eb3ffff8, 0x00000007eb400000| 99%| O|  |TAMS 0x00000007eb200000, 0x00000007eb200000| Untracked 
|1370|0x00000007eb400000, 0x00000007eb5fffd0, 0x00000007eb600000| 99%| O|  |TAMS 0x00000007eb400000, 0x00000007eb400000| Untracked 
|1371|0x00000007eb600000, 0x00000007eb7ffff8, 0x00000007eb800000| 99%| O|  |TAMS 0x00000007eb600000, 0x00000007eb600000| Untracked 
|1372|0x00000007eb800000, 0x00000007eb9ffff8, 0x00000007eba00000| 99%| O|  |TAMS 0x00000007eb800000, 0x00000007eb800000| Untracked 
|1373|0x00000007eba00000, 0x00000007ebbfff88, 0x00000007ebc00000| 99%| O|  |TAMS 0x00000007eba00000, 0x00000007eba00000| Untracked 
|1374|0x00000007ebc00000, 0x00000007ebdfffe0, 0x00000007ebe00000| 99%| O|  |TAMS 0x00000007ebc00000, 0x00000007ebc00000| Untracked 
|1375|0x00000007ebe00000, 0x00000007ec000000, 0x00000007ec000000|100%| O|  |TAMS 0x00000007ebe00000, 0x00000007ebe00000| Untracked 
|1376|0x00000007ec000000, 0x00000007ec1ffff0, 0x00000007ec200000| 99%| O|  |TAMS 0x00000007ec000000, 0x00000007ec000000| Untracked 
|1377|0x00000007ec200000, 0x00000007ec400000, 0x00000007ec400000|100%| O|  |TAMS 0x00000007ec200000, 0x00000007ec200000| Untracked 
|1378|0x00000007ec400000, 0x00000007ec600000, 0x00000007ec600000|100%| O|  |TAMS 0x00000007ec400000, 0x00000007ec400000| Untracked 
|1379|0x00000007ec600000, 0x00000007ec7fffa0, 0x00000007ec800000| 99%| O|  |TAMS 0x00000007ec600000, 0x00000007ec600000| Untracked 
|1380|0x00000007ec800000, 0x00000007ec9ffff8, 0x00000007eca00000| 99%| O|  |TAMS 0x00000007ec800000, 0x00000007ec800000| Untracked 
|1381|0x00000007eca00000, 0x00000007ecbffff0, 0x00000007ecc00000| 99%| O|  |TAMS 0x00000007eca00000, 0x00000007eca00000| Untracked 
|1382|0x00000007ecc00000, 0x00000007ece00000, 0x00000007ece00000|100%| O|  |TAMS 0x00000007ecc00000, 0x00000007ecc00000| Untracked 
|1383|0x00000007ece00000, 0x00000007ecffff70, 0x00000007ed000000| 99%| O|  |TAMS 0x00000007ece00000, 0x00000007ece00000| Untracked 
|1384|0x00000007ed000000, 0x00000007ed1fffc8, 0x00000007ed200000| 99%| O|  |TAMS 0x00000007ed000000, 0x00000007ed000000| Untracked 
|1385|0x00000007ed200000, 0x00000007ed3ffff0, 0x00000007ed400000| 99%| O|  |TAMS 0x00000007ed200000, 0x00000007ed200000| Untracked 
|1386|0x00000007ed400000, 0x00000007ed600000, 0x00000007ed600000|100%| O|  |TAMS 0x00000007ed400000, 0x00000007ed400000| Untracked 
|1387|0x00000007ed600000, 0x00000007ed7ffff0, 0x00000007ed800000| 99%| O|  |TAMS 0x00000007ed600000, 0x00000007ed600000| Untracked 
|1388|0x00000007ed800000, 0x00000007ed9fffe8, 0x00000007eda00000| 99%| O|  |TAMS 0x00000007ed800000, 0x00000007ed800000| Untracked 
|1389|0x00000007eda00000, 0x00000007edc00000, 0x00000007edc00000|100%| O|  |TAMS 0x00000007eda00000, 0x00000007eda00000| Untracked 
|1390|0x00000007edc00000, 0x00000007eddfffe8, 0x00000007ede00000| 99%| O|  |TAMS 0x00000007edc00000, 0x00000007edc00000| Untracked 
|1391|0x00000007ede00000, 0x00000007edffffe8, 0x00000007ee000000| 99%| O|  |TAMS 0x00000007ede00000, 0x00000007ede00000| Untracked 
|1392|0x00000007ee000000, 0x00000007ee1fffe0, 0x00000007ee200000| 99%| O|  |TAMS 0x00000007ee000000, 0x00000007ee000000| Untracked 
|1393|0x00000007ee200000, 0x00000007ee3ffff8, 0x00000007ee400000| 99%| O|  |TAMS 0x00000007ee200000, 0x00000007ee200000| Untracked 
|1394|0x00000007ee400000, 0x00000007ee600000, 0x00000007ee600000|100%| O|  |TAMS 0x00000007ee400000, 0x00000007ee400000| Untracked 
|1395|0x00000007ee600000, 0x00000007ee7ffff0, 0x00000007ee800000| 99%| O|  |TAMS 0x00000007ee600000, 0x00000007ee600000| Untracked 
|1396|0x00000007ee800000, 0x00000007ee9fffe0, 0x00000007eea00000| 99%| O|  |TAMS 0x00000007ee800000, 0x00000007ee800000| Untracked 
|1397|0x00000007eea00000, 0x00000007eec00000, 0x00000007eec00000|100%| O|  |TAMS 0x00000007eea00000, 0x00000007eea00000| Untracked 
|1398|0x00000007eec00000, 0x00000007eedffff8, 0x00000007eee00000| 99%| O|  |TAMS 0x00000007eec00000, 0x00000007eec00000| Untracked 
|1399|0x00000007eee00000, 0x00000007eeffffa8, 0x00000007ef000000| 99%| O|  |TAMS 0x00000007eee00000, 0x00000007eee00000| Untracked 
|1400|0x00000007ef000000, 0x00000007ef1ffff0, 0x00000007ef200000| 99%| O|  |TAMS 0x00000007ef000000, 0x00000007ef000000| Untracked 
|1401|0x00000007ef200000, 0x00000007ef400000, 0x00000007ef400000|100%| O|  |TAMS 0x00000007ef200000, 0x00000007ef200000| Untracked 
|1402|0x00000007ef400000, 0x00000007ef5fffe8, 0x00000007ef600000| 99%| O|  |TAMS 0x00000007ef400000, 0x00000007ef400000| Untracked 
|1403|0x00000007ef600000, 0x00000007ef7fffa8, 0x00000007ef800000| 99%| O|  |TAMS 0x00000007ef600000, 0x00000007ef600000| Untracked 
|1404|0x00000007ef800000, 0x00000007efa00000, 0x00000007efa00000|100%| O|  |TAMS 0x00000007ef800000, 0x00000007ef800000| Untracked 
|1405|0x00000007efa00000, 0x00000007efbffff8, 0x00000007efc00000| 99%| O|  |TAMS 0x00000007efa00000, 0x00000007efa00000| Untracked 
|1406|0x00000007efc00000, 0x00000007efdfff88, 0x00000007efe00000| 99%| O|  |TAMS 0x00000007efc00000, 0x00000007efc00000| Untracked 
|1407|0x00000007efe00000, 0x00000007efffff90, 0x00000007f0000000| 99%| O|  |TAMS 0x00000007efe00000, 0x00000007efe00000| Untracked 
|1408|0x00000007f0000000, 0x00000007f01fff98, 0x00000007f0200000| 99%| O|  |TAMS 0x00000007f0000000, 0x00000007f0000000| Untracked 
|1409|0x00000007f0200000, 0x00000007f03fffe0, 0x00000007f0400000| 99%| O|  |TAMS 0x00000007f0200000, 0x00000007f0200000| Untracked 
|1410|0x00000007f0400000, 0x00000007f05fffc8, 0x00000007f0600000| 99%| O|  |TAMS 0x00000007f0400000, 0x00000007f0400000| Untracked 
|1411|0x00000007f0600000, 0x00000007f07ffff8, 0x00000007f0800000| 99%| O|  |TAMS 0x00000007f0600000, 0x00000007f0600000| Untracked 
|1412|0x00000007f0800000, 0x00000007f09ffff8, 0x00000007f0a00000| 99%| O|  |TAMS 0x00000007f0800000, 0x00000007f0800000| Untracked 
|1413|0x00000007f0a00000, 0x00000007f0c00000, 0x00000007f0c00000|100%| O|  |TAMS 0x00000007f0a00000, 0x00000007f0a00000| Untracked 
|1414|0x00000007f0c00000, 0x00000007f0dffff0, 0x00000007f0e00000| 99%| O|  |TAMS 0x00000007f0c00000, 0x00000007f0c00000| Untracked 
|1415|0x00000007f0e00000, 0x00000007f0ffff98, 0x00000007f1000000| 99%| O|  |TAMS 0x00000007f0e00000, 0x00000007f0e00000| Untracked 
|1416|0x00000007f1000000, 0x00000007f11ffff0, 0x00000007f1200000| 99%| O|  |TAMS 0x00000007f1000000, 0x00000007f1000000| Untracked 
|1417|0x00000007f1200000, 0x00000007f13ffff0, 0x00000007f1400000| 99%| O|  |TAMS 0x00000007f1200000, 0x00000007f1200000| Untracked 
|1418|0x00000007f1400000, 0x00000007f1600000, 0x00000007f1600000|100%| O|  |TAMS 0x00000007f1400000, 0x00000007f1400000| Untracked 
|1419|0x00000007f1600000, 0x00000007f1800000, 0x00000007f1800000|100%| O|  |TAMS 0x00000007f1600000, 0x00000007f1600000| Untracked 
|1420|0x00000007f1800000, 0x00000007f1a00000, 0x00000007f1a00000|100%| O|  |TAMS 0x00000007f1800000, 0x00000007f1800000| Untracked 
|1421|0x00000007f1a00000, 0x00000007f1bfffe8, 0x00000007f1c00000| 99%| O|  |TAMS 0x00000007f1a00000, 0x00000007f1a00000| Untracked 
|1422|0x00000007f1c00000, 0x00000007f1dffff0, 0x00000007f1e00000| 99%| O|  |TAMS 0x00000007f1c00000, 0x00000007f1c00000| Untracked 
|1423|0x00000007f1e00000, 0x00000007f1ffffe8, 0x00000007f2000000| 99%| O|  |TAMS 0x00000007f1e00000, 0x00000007f1e00000| Untracked 
|1424|0x00000007f2000000, 0x00000007f21ffff8, 0x00000007f2200000| 99%| O|  |TAMS 0x00000007f2000000, 0x00000007f2000000| Untracked 
|1425|0x00000007f2200000, 0x00000007f23fffe8, 0x00000007f2400000| 99%| O|  |TAMS 0x00000007f2200000, 0x00000007f2200000| Untracked 
|1426|0x00000007f2400000, 0x00000007f2600000, 0x00000007f2600000|100%| O|  |TAMS 0x00000007f2400000, 0x00000007f2400000| Untracked 
|1427|0x00000007f2600000, 0x00000007f27fffc0, 0x00000007f2800000| 99%| O|  |TAMS 0x00000007f2600000, 0x00000007f2600000| Untracked 
|1428|0x00000007f2800000, 0x00000007f29ffff8, 0x00000007f2a00000| 99%| O|  |TAMS 0x00000007f2800000, 0x00000007f2800000| Untracked 
|1429|0x00000007f2a00000, 0x00000007f2c00000, 0x00000007f2c00000|100%| O|  |TAMS 0x00000007f2a00000, 0x00000007f2a00000| Untracked 
|1430|0x00000007f2c00000, 0x00000007f2dffff0, 0x00000007f2e00000| 99%| O|  |TAMS 0x00000007f2c00000, 0x00000007f2c00000| Untracked 
|1431|0x00000007f2e00000, 0x00000007f2fffff8, 0x00000007f3000000| 99%| O|  |TAMS 0x00000007f2e00000, 0x00000007f2e00000| Untracked 
|1432|0x00000007f3000000, 0x00000007f31ffff8, 0x00000007f3200000| 99%| O|  |TAMS 0x00000007f3000000, 0x00000007f3000000| Untracked 
|1433|0x00000007f3200000, 0x00000007f33ffff0, 0x00000007f3400000| 99%| O|  |TAMS 0x00000007f3200000, 0x00000007f3200000| Untracked 
|1434|0x00000007f3400000, 0x00000007f35ffff0, 0x00000007f3600000| 99%| O|  |TAMS 0x00000007f3400000, 0x00000007f3400000| Untracked 
|1435|0x00000007f3600000, 0x00000007f3800000, 0x00000007f3800000|100%| O|  |TAMS 0x00000007f3600000, 0x00000007f3600000| Untracked 
|1436|0x00000007f3800000, 0x00000007f39fffe8, 0x00000007f3a00000| 99%| O|  |TAMS 0x00000007f3800000, 0x00000007f3800000| Untracked 
|1437|0x00000007f3a00000, 0x00000007f3bffff0, 0x00000007f3c00000| 99%| O|  |TAMS 0x00000007f3a00000, 0x00000007f3a00000| Untracked 
|1438|0x00000007f3c00000, 0x00000007f3dfffe8, 0x00000007f3e00000| 99%| O|  |TAMS 0x00000007f3c00000, 0x00000007f3c00000| Untracked 
|1439|0x00000007f3e00000, 0x00000007f4000000, 0x00000007f4000000|100%| O|  |TAMS 0x00000007f3e00000, 0x00000007f3e00000| Untracked 
|1440|0x00000007f4000000, 0x00000007f4200000, 0x00000007f4200000|100%| O|  |TAMS 0x00000007f4000000, 0x00000007f4000000| Untracked 
|1441|0x00000007f4200000, 0x00000007f43ffff8, 0x00000007f4400000| 99%| O|  |TAMS 0x00000007f4200000, 0x00000007f4200000| Untracked 
|1442|0x00000007f4400000, 0x00000007f45ffff8, 0x00000007f4600000| 99%| O|  |TAMS 0x00000007f4400000, 0x00000007f4400000| Untracked 
|1443|0x00000007f4600000, 0x00000007f4800000, 0x00000007f4800000|100%| O|  |TAMS 0x00000007f4600000, 0x00000007f4600000| Untracked 
|1444|0x00000007f4800000, 0x00000007f49ffff0, 0x00000007f4a00000| 99%| O|  |TAMS 0x00000007f4800000, 0x00000007f4800000| Untracked 
|1445|0x00000007f4a00000, 0x00000007f4bffff0, 0x00000007f4c00000| 99%| O|  |TAMS 0x00000007f4a00000, 0x00000007f4a00000| Untracked 
|1446|0x00000007f4c00000, 0x00000007f4dfff78, 0x00000007f4e00000| 99%| O|  |TAMS 0x00000007f4c00000, 0x00000007f4c00000| Untracked 
|1447|0x00000007f4e00000, 0x00000007f5000000, 0x00000007f5000000|100%| O|  |TAMS 0x00000007f4e00000, 0x00000007f4e00000| Untracked 
|1448|0x00000007f5000000, 0x00000007f51ffff8, 0x00000007f5200000| 99%| O|  |TAMS 0x00000007f5000000, 0x00000007f5000000| Untracked 
|1449|0x00000007f5200000, 0x00000007f53ffff0, 0x00000007f5400000| 99%| O|  |TAMS 0x00000007f5200000, 0x00000007f5200000| Untracked 
|1450|0x00000007f5400000, 0x00000007f5600000, 0x00000007f5600000|100%| O|  |TAMS 0x00000007f5400000, 0x00000007f5400000| Untracked 
|1451|0x00000007f5600000, 0x00000007f5800000, 0x00000007f5800000|100%| O|  |TAMS 0x00000007f5600000, 0x00000007f5600000| Untracked 
|1452|0x00000007f5800000, 0x00000007f5a00000, 0x00000007f5a00000|100%| O|  |TAMS 0x00000007f5800000, 0x00000007f5800000| Untracked 
|1453|0x00000007f5a00000, 0x00000007f5c00000, 0x00000007f5c00000|100%| O|  |TAMS 0x00000007f5a00000, 0x00000007f5a00000| Untracked 
|1454|0x00000007f5c00000, 0x00000007f5dffff0, 0x00000007f5e00000| 99%| O|  |TAMS 0x00000007f5c00000, 0x00000007f5c00000| Untracked 
|1455|0x00000007f5e00000, 0x00000007f5fffff0, 0x00000007f6000000| 99%| O|  |TAMS 0x00000007f5e00000, 0x00000007f5e00000| Untracked 
|1456|0x00000007f6000000, 0x00000007f61fffe0, 0x00000007f6200000| 99%| O|  |TAMS 0x00000007f6000000, 0x00000007f6000000| Untracked 
|1457|0x00000007f6200000, 0x00000007f63ffff8, 0x00000007f6400000| 99%| O|  |TAMS 0x00000007f6200000, 0x00000007f6200000| Untracked 
|1458|0x00000007f6400000, 0x00000007f65ffff8, 0x00000007f6600000| 99%| O|  |TAMS 0x00000007f6400000, 0x00000007f6400000| Untracked 
|1459|0x00000007f6600000, 0x00000007f67ffff8, 0x00000007f6800000| 99%| O|  |TAMS 0x00000007f6600000, 0x00000007f6600000| Untracked 
|1460|0x00000007f6800000, 0x00000007f69ffff8, 0x00000007f6a00000| 99%| O|  |TAMS 0x00000007f6800000, 0x00000007f6800000| Untracked 
|1461|0x00000007f6a00000, 0x00000007f6c00000, 0x00000007f6c00000|100%| O|  |TAMS 0x00000007f6a00000, 0x00000007f6a00000| Untracked 
|1462|0x00000007f6c00000, 0x00000007f6dffff8, 0x00000007f6e00000| 99%| O|  |TAMS 0x00000007f6c00000, 0x00000007f6c00000| Untracked 
|1463|0x00000007f6e00000, 0x00000007f7000000, 0x00000007f7000000|100%| O|  |TAMS 0x00000007f6e00000, 0x00000007f6e00000| Untracked 
|1464|0x00000007f7000000, 0x00000007f71ffff8, 0x00000007f7200000| 99%| O|  |TAMS 0x00000007f7000000, 0x00000007f7000000| Untracked 
|1465|0x00000007f7200000, 0x00000007f73ffff8, 0x00000007f7400000| 99%| O|  |TAMS 0x00000007f7200000, 0x00000007f7200000| Untracked 
|1466|0x00000007f7400000, 0x00000007f75ffff0, 0x00000007f7600000| 99%| O|  |TAMS 0x00000007f7400000, 0x00000007f7400000| Untracked 
|1467|0x00000007f7600000, 0x00000007f77fffc8, 0x00000007f7800000| 99%| O|  |TAMS 0x00000007f7600000, 0x00000007f7600000| Untracked 
|1468|0x00000007f7800000, 0x00000007f79fffc0, 0x00000007f7a00000| 99%| O|  |TAMS 0x00000007f7800000, 0x00000007f7800000| Untracked 
|1469|0x00000007f7a00000, 0x00000007f7c00000, 0x00000007f7c00000|100%| O|  |TAMS 0x00000007f7a00000, 0x00000007f7a00000| Untracked 
|1470|0x00000007f7c00000, 0x00000007f7e00000, 0x00000007f7e00000|100%| O|  |TAMS 0x00000007f7c00000, 0x00000007f7c00000| Untracked 
|1471|0x00000007f7e00000, 0x00000007f8000000, 0x00000007f8000000|100%| O|  |TAMS 0x00000007f7e00000, 0x00000007f7e00000| Untracked 
|1472|0x00000007f8000000, 0x00000007f8200000, 0x00000007f8200000|100%| O|  |TAMS 0x00000007f8000000, 0x00000007f8000000| Untracked 
|1473|0x00000007f8200000, 0x00000007f83ffff0, 0x00000007f8400000| 99%| O|  |TAMS 0x00000007f8200000, 0x00000007f8200000| Untracked 
|1474|0x00000007f8400000, 0x00000007f85ffff0, 0x00000007f8600000| 99%| O|  |TAMS 0x00000007f8400000, 0x00000007f8400000| Untracked 
|1475|0x00000007f8600000, 0x00000007f8800000, 0x00000007f8800000|100%| O|  |TAMS 0x00000007f8600000, 0x00000007f8600000| Untracked 
|1476|0x00000007f8800000, 0x00000007f89fffe0, 0x00000007f8a00000| 99%| O|  |TAMS 0x00000007f8800000, 0x00000007f8800000| Untracked 
|1477|0x00000007f8a00000, 0x00000007f8bfffe8, 0x00000007f8c00000| 99%| O|  |TAMS 0x00000007f8a00000, 0x00000007f8a00000| Untracked 
|1478|0x00000007f8c00000, 0x00000007f8dfffa0, 0x00000007f8e00000| 99%| O|  |TAMS 0x00000007f8c00000, 0x00000007f8c00000| Untracked 
|1479|0x00000007f8e00000, 0x00000007f8ffff78, 0x00000007f9000000| 99%| O|  |TAMS 0x00000007f8e00000, 0x00000007f8e00000| Untracked 
|1480|0x00000007f9000000, 0x00000007f91ffff0, 0x00000007f9200000| 99%| O|  |TAMS 0x00000007f9000000, 0x00000007f9000000| Untracked 
|1481|0x00000007f9200000, 0x00000007f9400000, 0x00000007f9400000|100%| O|  |TAMS 0x00000007f9200000, 0x00000007f9200000| Untracked 
|1482|0x00000007f9400000, 0x00000007f95ffff8, 0x00000007f9600000| 99%| O|  |TAMS 0x00000007f9400000, 0x00000007f9400000| Untracked 
|1483|0x00000007f9600000, 0x00000007f9800000, 0x00000007f9800000|100%| O|  |TAMS 0x00000007f9600000, 0x00000007f9600000| Untracked 
|1484|0x00000007f9800000, 0x00000007f99ffff8, 0x00000007f9a00000| 99%| O|  |TAMS 0x00000007f9800000, 0x00000007f9800000| Untracked 
|1485|0x00000007f9a00000, 0x00000007f9bffff0, 0x00000007f9c00000| 99%| O|  |TAMS 0x00000007f9a00000, 0x00000007f9a00000| Untracked 
|1486|0x00000007f9c00000, 0x00000007f9dfffe0, 0x00000007f9e00000| 99%| O|  |TAMS 0x00000007f9c00000, 0x00000007f9c00000| Untracked 
|1487|0x00000007f9e00000, 0x00000007f9fffff0, 0x00000007fa000000| 99%| O|  |TAMS 0x00000007f9e00000, 0x00000007f9e00000| Untracked 
|1488|0x00000007fa000000, 0x00000007fa1fffe8, 0x00000007fa200000| 99%| O|  |TAMS 0x00000007fa000000, 0x00000007fa000000| Untracked 
|1489|0x00000007fa200000, 0x00000007fa3fffe8, 0x00000007fa400000| 99%| O|  |TAMS 0x00000007fa200000, 0x00000007fa200000| Untracked 
|1490|0x00000007fa400000, 0x00000007fa5ffff0, 0x00000007fa600000| 99%| O|  |TAMS 0x00000007fa400000, 0x00000007fa400000| Untracked 
|1491|0x00000007fa600000, 0x00000007fa800000, 0x00000007fa800000|100%| O|  |TAMS 0x00000007fa600000, 0x00000007fa600000| Untracked 
|1492|0x00000007fa800000, 0x00000007fa9fff88, 0x00000007faa00000| 99%| O|  |TAMS 0x00000007fa800000, 0x00000007fa800000| Untracked 
|1493|0x00000007faa00000, 0x00000007fabffff0, 0x00000007fac00000| 99%| O|  |TAMS 0x00000007faa00000, 0x00000007faa00000| Untracked 
|1494|0x00000007fac00000, 0x00000007fadfff78, 0x00000007fae00000| 99%| O|  |TAMS 0x00000007fac00000, 0x00000007fac00000| Untracked 
|1495|0x00000007fae00000, 0x00000007fb000000, 0x00000007fb000000|100%| O|  |TAMS 0x00000007fae00000, 0x00000007fae00000| Untracked 
|1496|0x00000007fb000000, 0x00000007fb1ffff8, 0x00000007fb200000| 99%| O|  |TAMS 0x00000007fb000000, 0x00000007fb000000| Untracked 
|1497|0x00000007fb200000, 0x00000007fb3fff88, 0x00000007fb400000| 99%| O|  |TAMS 0x00000007fb200000, 0x00000007fb200000| Untracked 
|1498|0x00000007fb400000, 0x00000007fb600000, 0x00000007fb600000|100%| O|  |TAMS 0x00000007fb400000, 0x00000007fb400000| Untracked 
|1499|0x00000007fb600000, 0x00000007fb7ffff8, 0x00000007fb800000| 99%| O|  |TAMS 0x00000007fb600000, 0x00000007fb600000| Untracked 
|1500|0x00000007fb800000, 0x00000007fba00000, 0x00000007fba00000|100%| O|  |TAMS 0x00000007fb800000, 0x00000007fb800000| Untracked 
|1501|0x00000007fba00000, 0x00000007fbbffff0, 0x00000007fbc00000| 99%| O|  |TAMS 0x00000007fba00000, 0x00000007fba00000| Untracked 
|1502|0x00000007fbc00000, 0x00000007fbdffff0, 0x00000007fbe00000| 99%| O|  |TAMS 0x00000007fbc00000, 0x00000007fbc00000| Untracked 
|1503|0x00000007fbe00000, 0x00000007fc000000, 0x00000007fc000000|100%| O|  |TAMS 0x00000007fbe00000, 0x00000007fbe00000| Untracked 
|1504|0x00000007fc000000, 0x00000007fc1ffff0, 0x00000007fc200000| 99%| O|  |TAMS 0x00000007fc000000, 0x00000007fc000000| Untracked 
|1505|0x00000007fc200000, 0x00000007fc3fff68, 0x00000007fc400000| 99%| O|  |TAMS 0x00000007fc200000, 0x00000007fc200000| Untracked 
|1506|0x00000007fc400000, 0x00000007fc600000, 0x00000007fc600000|100%| O|  |TAMS 0x00000007fc400000, 0x00000007fc400000| Untracked 
|1507|0x00000007fc600000, 0x00000007fc800000, 0x00000007fc800000|100%| O|  |TAMS 0x00000007fc600000, 0x00000007fc600000| Untracked 
|1508|0x00000007fc800000, 0x00000007fc9ffff8, 0x00000007fca00000| 99%| O|  |TAMS 0x00000007fc800000, 0x00000007fc800000| Untracked 
|1509|0x00000007fca00000, 0x00000007fcbffff8, 0x00000007fcc00000| 99%| O|  |TAMS 0x00000007fca00000, 0x00000007fca00000| Untracked 
|1510|0x00000007fcc00000, 0x00000007fce00000, 0x00000007fce00000|100%| O|  |TAMS 0x00000007fcc00000, 0x00000007fcc00000| Untracked 
|1511|0x00000007fce00000, 0x00000007fd000000, 0x00000007fd000000|100%| O|  |TAMS 0x00000007fce00000, 0x00000007fce00000| Untracked 
|1512|0x00000007fd000000, 0x00000007fd1ffff8, 0x00000007fd200000| 99%| O|  |TAMS 0x00000007fd000000, 0x00000007fd000000| Untracked 
|1513|0x00000007fd200000, 0x00000007fd3ffff8, 0x00000007fd400000| 99%| O|  |TAMS 0x00000007fd200000, 0x00000007fd200000| Untracked 
|1514|0x00000007fd400000, 0x00000007fd5ffff0, 0x00000007fd600000| 99%| O|  |TAMS 0x00000007fd400000, 0x00000007fd400000| Untracked 
|1515|0x00000007fd600000, 0x00000007fd7ffff8, 0x00000007fd800000| 99%| O|  |TAMS 0x00000007fd600000, 0x00000007fd600000| Untracked 
|1516|0x00000007fd800000, 0x00000007fd9ffff8, 0x00000007fda00000| 99%| O|  |TAMS 0x00000007fd800000, 0x00000007fd800000| Untracked 
|1517|0x00000007fda00000, 0x00000007fdbffff0, 0x00000007fdc00000| 99%| O|  |TAMS 0x00000007fda00000, 0x00000007fda00000| Untracked 
|1518|0x00000007fdc00000, 0x00000007fddffff0, 0x00000007fde00000| 99%| O|  |TAMS 0x00000007fdc00000, 0x00000007fdc00000| Untracked 
|1519|0x00000007fde00000, 0x00000007fdfffff8, 0x00000007fe000000| 99%| O|  |TAMS 0x00000007fde00000, 0x00000007fde00000| Untracked 
|1520|0x00000007fe000000, 0x00000007fe200000, 0x00000007fe200000|100%| O|  |TAMS 0x00000007fe000000, 0x00000007fe000000| Untracked 
|1521|0x00000007fe200000, 0x00000007fe3fffa8, 0x00000007fe400000| 99%| O|  |TAMS 0x00000007fe200000, 0x00000007fe200000| Untracked 
|1522|0x00000007fe400000, 0x00000007fe5ffff0, 0x00000007fe600000| 99%| O|  |TAMS 0x00000007fe400000, 0x00000007fe400000| Untracked 
|1523|0x00000007fe600000, 0x00000007fe800000, 0x00000007fe800000|100%| O|  |TAMS 0x00000007fe600000, 0x00000007fe600000| Untracked 
|1524|0x00000007fe800000, 0x00000007fe9fffe8, 0x00000007fea00000| 99%| O|  |TAMS 0x00000007fe800000, 0x00000007fe800000| Untracked 
|1525|0x00000007fea00000, 0x00000007fec00000, 0x00000007fec00000|100%| O|  |TAMS 0x00000007fea00000, 0x00000007fea00000| Untracked 
|1526|0x00000007fec00000, 0x00000007fedfffe0, 0x00000007fee00000| 99%| O|  |TAMS 0x00000007fec00000, 0x00000007fec00000| Untracked 
|1527|0x00000007fee00000, 0x00000007fefffff8, 0x00000007ff000000| 99%| O|  |TAMS 0x00000007fee00000, 0x00000007fee00000| Untracked 
|1528|0x00000007ff000000, 0x00000007ff1ffff0, 0x00000007ff200000| 99%| O|  |TAMS 0x00000007ff000000, 0x00000007ff000000| Untracked 
|1529|0x00000007ff200000, 0x00000007ff3fffe8, 0x00000007ff400000| 99%| O|  |TAMS 0x00000007ff200000, 0x00000007ff200000| Untracked 
|1530|0x00000007ff400000, 0x00000007ff5ffff8, 0x00000007ff600000| 99%| O|  |TAMS 0x00000007ff400000, 0x00000007ff400000| Untracked 
|1531|0x00000007ff600000, 0x00000007ff7ffff8, 0x00000007ff800000| 99%| O|  |TAMS 0x00000007ff600000, 0x00000007ff600000| Untracked 
|1532|0x00000007ff800000, 0x00000007ffa00000, 0x00000007ffa00000|100%| O|  |TAMS 0x00000007ff800000, 0x00000007ff800000| Untracked 
|1533|0x00000007ffa00000, 0x00000007ffbfffa0, 0x00000007ffc00000| 99%| O|  |TAMS 0x00000007ffa00000, 0x00000007ffa00000| Untracked 
|1534|0x00000007ffc00000, 0x00000007ffc2e578, 0x00000007ffe00000|  9%| O|  |TAMS 0x00000007ffc00000, 0x00000007ffc00000| Untracked 
|1535|0x00000007ffe00000, 0x00000007fffffff8, 0x0000000800000000| 99%| O|  |TAMS 0x00000007ffe00000, 0x00000007ffe00000| Untracked 

Card table byte_map: [0x000001c34f040000,0x000001c34f640000] _byte_map_base: 0x000001c34b640000

Marking Bits (Prev, Next): (CMBitMap*) 0x000001c335ec5960, (CMBitMap*) 0x000001c335ec59a0
 Prev Bits: [0x000001c34fc40000, 0x000001c352c40000)
 Next Bits: [0x000001c352c40000, 0x000001c355c40000)

Polling page: 0x000001c335f30000

Metaspace:

Usage:
  Non-class:     43.11 MB used.
      Class:      7.13 MB used.
       Both:     50.23 MB used.

Virtual space:
  Non-class space:       64.00 MB reserved,      43.56 MB ( 68%) committed,  1 nodes.
      Class space:        1.00 GB reserved,       7.44 MB ( <1%) committed,  1 nodes.
             Both:        1.06 GB reserved,      51.00 MB (  5%) committed. 

Chunk freelists:
   Non-Class:  3.94 MB
       Class:  8.66 MB
        Both:  12.59 MB

MaxMetaspaceSize: unlimited
CompressedClassSpaceSize: 1.00 GB
Initial GC threshold: 21.00 MB
Current GC threshold: 84.94 MB
CDS: on
MetaspaceReclaimPolicy: balanced
 - commit_granule_bytes: 65536.
 - commit_granule_words: 8192.
 - virtual_space_node_default_size: 8388608.
 - enlarge_chunks_in_place: 1.
 - new_chunks_are_fully_committed: 0.
 - uncommit_free_chunks: 1.
 - use_allocation_guard: 0.
 - handle_deallocations: 1.


Internal statistics:

num_allocs_failed_limit: 6.
num_arena_births: 924.
num_arena_deaths: 184.
num_vsnodes_births: 2.
num_vsnodes_deaths: 0.
num_space_committed: 816.
num_space_uncommitted: 0.
num_chunks_returned_to_freelist: 226.
num_chunks_taken_from_freelist: 3314.
num_chunk_merges: 66.
num_chunk_splits: 1951.
num_chunks_enlarged: 1119.
num_inconsistent_stats: 0.

CodeHeap 'non-profiled nmethods': size=120000Kb used=4157Kb max_used=4157Kb free=115843Kb
 bounds [0x000001c346ca0000, 0x000001c3470b0000, 0x000001c34e1d0000]
CodeHeap 'profiled nmethods': size=120000Kb used=13437Kb max_used=13437Kb free=106562Kb
 bounds [0x000001c33f1d0000, 0x000001c33fef0000, 0x000001c346700000]
CodeHeap 'non-nmethods': size=5760Kb used=1636Kb max_used=1727Kb free=4124Kb
 bounds [0x000001c346700000, 0x000001c346970000, 0x000001c346ca0000]
 total_blobs=7526 nmethods=6819 adapters=619
 compilation: enabled
              stopped_count=0, restarted_count=0
 full_count=0

Compilation events (20 events):
Event: 4139.721 Thread 0x000001c3584ec6a0 7550       4       java.util.concurrent.ScheduledThreadPoolExecutor$ScheduledFutureTask::run (57 bytes)
Event: 4139.725 Thread 0x000001c3584ec6a0 nmethod 7550 0x000001c3470a9390 code [0x000001c3470a9580, 0x000001c3470a9af0]
Event: 4139.725 Thread 0x000001c3584ec6a0 7551   !   4       java.util.concurrent.FutureTask::runAndReset (125 bytes)
Event: 4139.728 Thread 0x000001c3584ec6a0 nmethod 7551 0x000001c3470aa090 code [0x000001c3470aa240, 0x000001c3470aa5c8]
Event: 4173.090 Thread 0x000001c3584ec6a0 7552       4       java.util.Formatter$FormatSpecifier::print (230 bytes)
Event: 4173.096 Thread 0x000001c3584ec6a0 nmethod 7552 0x000001c3470aa890 code [0x000001c3470aaa60, 0x000001c3470ab378]
Event: 4173.096 Thread 0x000001c3584ec6a0 7553       4       java.util.Formatter$FormatSpecifier::print (62 bytes)
Event: 4173.101 Thread 0x000001c3584ec6a0 nmethod 7553 0x000001c3470aba90 code [0x000001c3470abc40, 0x000001c3470ac418]
Event: 4205.609 Thread 0x000001c3584ee480 7554       3       org.gradle.launcher.daemon.server.health.gc.GarbageCollectionEvent::<init> (21 bytes)
Event: 4205.609 Thread 0x000001c3584ee480 nmethod 7554 0x000001c33feeb890 code [0x000001c33feeba40, 0x000001c33feebc18]
Event: 4205.609 Thread 0x000001c3584ee480 7555   !   3       org.gradle.launcher.daemon.server.health.gc.GarbageCollectionCheck::run (213 bytes)
Event: 4205.611 Thread 0x000001c3584ee480 nmethod 7555 0x000001c33feebd10 code [0x000001c33feec180, 0x000001c33feee378]
Event: 4213.098 Thread 0x000001c3584ec6a0 7556       4       java.lang.AbstractStringBuilder::append (45 bytes)
Event: 4213.104 Thread 0x000001c3584ec6a0 nmethod 7556 0x000001c3470aca10 code [0x000001c3470acbc0, 0x000001c3470ad358]
Event: 4241.732 Thread 0x000001c3584ec6a0 7557   !   4       org.gradle.internal.resources.DefaultResourceLockCoordinationService::getCurrent (33 bytes)
Event: 4241.733 Thread 0x000001c3584ec6a0 nmethod 7557 0x000001c3470ad810 code [0x000001c3470ad9a0, 0x000001c3470adbd8]
Event: 4280.147 Thread 0x000001c3584ec6a0 7558       4       java.util.stream.ReferencePipeline::collect (124 bytes)
Event: 4280.157 Thread 0x000001c3584ec6a0 nmethod 7558 0x000001c3470add10 code [0x000001c3470adf60, 0x000001c3470ae890]
Event: 4381.890 Thread 0x000001c3584ec6a0 7559       4       java.util.HashMap$Values::spliterator (16 bytes)
Event: 4381.891 Thread 0x000001c3584ec6a0 nmethod 7559 0x000001c3470af090 code [0x000001c3470af220, 0x000001c3470af318]

GC Heap History (20 events):
Event: 4978.986 GC heap after
{Heap after GC invocations=664 (full 252):
 garbage-first heap   total 3145728K, used 3143830K [0x0000000740000000, 0x0000000800000000)
  region size 2048K, 0 young (0K), 0 survivors (0K)
 Metaspace       used 51437K, committed 52224K, reserved 1114112K
  class space    used 7297K, committed 7616K, reserved 1048576K
}
Event: 4978.986 GC heap before
{Heap before GC invocations=664 (full 252):
 garbage-first heap   total 3145728K, used 3143830K [0x0000000740000000, 0x0000000800000000)
  region size 2048K, 0 young (0K), 0 survivors (0K)
 Metaspace       used 51437K, committed 52224K, reserved 1114112K
  class space    used 7297K, committed 7616K, reserved 1048576K
}
Event: 4981.302 GC heap after
{Heap after GC invocations=665 (full 253):
 garbage-first heap   total 3145728K, used 3143830K [0x0000000740000000, 0x0000000800000000)
  region size 2048K, 0 young (0K), 0 survivors (0K)
 Metaspace       used 51437K, committed 52224K, reserved 1114112K
  class space    used 7297K, committed 7616K, reserved 1048576K
}
Event: 4981.302 GC heap before
{Heap before GC invocations=665 (full 253):
 garbage-first heap   total 3145728K, used 3143830K [0x0000000740000000, 0x0000000800000000)
  region size 2048K, 0 young (0K), 0 survivors (0K)
 Metaspace       used 51437K, committed 52224K, reserved 1114112K
  class space    used 7297K, committed 7616K, reserved 1048576K
}
Event: 4984.083 GC heap after
{Heap after GC invocations=666 (full 254):
 garbage-first heap   total 3145728K, used 3143830K [0x0000000740000000, 0x0000000800000000)
  region size 2048K, 0 young (0K), 0 survivors (0K)
 Metaspace       used 51437K, committed 52224K, reserved 1114112K
  class space    used 7297K, committed 7616K, reserved 1048576K
}
Event: 4984.100 GC heap before
{Heap before GC invocations=666 (full 254):
 garbage-first heap   total 3145728K, used 3143830K [0x0000000740000000, 0x0000000800000000)
  region size 2048K, 0 young (0K), 0 survivors (0K)
 Metaspace       used 51437K, committed 52224K, reserved 1114112K
  class space    used 7297K, committed 7616K, reserved 1048576K
}
Event: 4984.101 GC heap after
{Heap after GC invocations=667 (full 254):
 garbage-first heap   total 3145728K, used 3143830K [0x0000000740000000, 0x0000000800000000)
  region size 2048K, 0 young (0K), 0 survivors (0K)
 Metaspace       used 51437K, committed 52224K, reserved 1114112K
  class space    used 7297K, committed 7616K, reserved 1048576K
}
Event: 4984.101 GC heap before
{Heap before GC invocations=667 (full 254):
 garbage-first heap   total 3145728K, used 3143830K [0x0000000740000000, 0x0000000800000000)
  region size 2048K, 0 young (0K), 0 survivors (0K)
 Metaspace       used 51437K, committed 52224K, reserved 1114112K
  class space    used 7297K, committed 7616K, reserved 1048576K
}
Event: 4986.508 GC heap after
{Heap after GC invocations=668 (full 255):
 garbage-first heap   total 3145728K, used 3143830K [0x0000000740000000, 0x0000000800000000)
  region size 2048K, 0 young (0K), 0 survivors (0K)
 Metaspace       used 51437K, committed 52224K, reserved 1114112K
  class space    used 7297K, committed 7616K, reserved 1048576K
}
Event: 4986.508 GC heap before
{Heap before GC invocations=668 (full 255):
 garbage-first heap   total 3145728K, used 3143830K [0x0000000740000000, 0x0000000800000000)
  region size 2048K, 0 young (0K), 0 survivors (0K)
 Metaspace       used 51437K, committed 52224K, reserved 1114112K
  class space    used 7297K, committed 7616K, reserved 1048576K
}
Event: 4989.245 GC heap after
{Heap after GC invocations=669 (full 256):
 garbage-first heap   total 3145728K, used 3143830K [0x0000000740000000, 0x0000000800000000)
  region size 2048K, 0 young (0K), 0 survivors (0K)
 Metaspace       used 51437K, committed 52224K, reserved 1114112K
  class space    used 7297K, committed 7616K, reserved 1048576K
}
Event: 4989.245 GC heap before
{Heap before GC invocations=669 (full 256):
 garbage-first heap   total 3145728K, used 3143830K [0x0000000740000000, 0x0000000800000000)
  region size 2048K, 0 young (0K), 0 survivors (0K)
 Metaspace       used 51437K, committed 52224K, reserved 1114112K
  class space    used 7297K, committed 7616K, reserved 1048576K
}
Event: 4989.246 GC heap after
{Heap after GC invocations=670 (full 256):
 garbage-first heap   total 3145728K, used 3143830K [0x0000000740000000, 0x0000000800000000)
  region size 2048K, 0 young (0K), 0 survivors (0K)
 Metaspace       used 51437K, committed 52224K, reserved 1114112K
  class space    used 7297K, committed 7616K, reserved 1048576K
}
Event: 4989.246 GC heap before
{Heap before GC invocations=670 (full 256):
 garbage-first heap   total 3145728K, used 3143830K [0x0000000740000000, 0x0000000800000000)
  region size 2048K, 0 young (0K), 0 survivors (0K)
 Metaspace       used 51437K, committed 52224K, reserved 1114112K
  class space    used 7297K, committed 7616K, reserved 1048576K
}
Event: 4991.651 GC heap after
{Heap after GC invocations=671 (full 257):
 garbage-first heap   total 3145728K, used 3143830K [0x0000000740000000, 0x0000000800000000)
  region size 2048K, 0 young (0K), 0 survivors (0K)
 Metaspace       used 51437K, committed 52224K, reserved 1114112K
  class space    used 7297K, committed 7616K, reserved 1048576K
}
Event: 4991.651 GC heap before
{Heap before GC invocations=671 (full 257):
 garbage-first heap   total 3145728K, used 3143830K [0x0000000740000000, 0x0000000800000000)
  region size 2048K, 0 young (0K), 0 survivors (0K)
 Metaspace       used 51437K, committed 52224K, reserved 1114112K
  class space    used 7297K, committed 7616K, reserved 1048576K
}
Event: 4994.405 GC heap after
{Heap after GC invocations=672 (full 258):
 garbage-first heap   total 3145728K, used 3143830K [0x0000000740000000, 0x0000000800000000)
  region size 2048K, 0 young (0K), 0 survivors (0K)
 Metaspace       used 51437K, committed 52224K, reserved 1114112K
  class space    used 7297K, committed 7616K, reserved 1048576K
}
Event: 4994.405 GC heap before
{Heap before GC invocations=672 (full 258):
 garbage-first heap   total 3145728K, used 3143830K [0x0000000740000000, 0x0000000800000000)
  region size 2048K, 0 young (0K), 0 survivors (0K)
 Metaspace       used 51437K, committed 52224K, reserved 1114112K
  class space    used 7297K, committed 7616K, reserved 1048576K
}
Event: 4994.405 GC heap after
{Heap after GC invocations=673 (full 258):
 garbage-first heap   total 3145728K, used 3143830K [0x0000000740000000, 0x0000000800000000)
  region size 2048K, 0 young (0K), 0 survivors (0K)
 Metaspace       used 51437K, committed 52224K, reserved 1114112K
  class space    used 7297K, committed 7616K, reserved 1048576K
}
Event: 4994.405 GC heap before
{Heap before GC invocations=673 (full 258):
 garbage-first heap   total 3145728K, used 3143830K [0x0000000740000000, 0x0000000800000000)
  region size 2048K, 0 young (0K), 0 survivors (0K)
 Metaspace       used 51437K, committed 52224K, reserved 1114112K
  class space    used 7297K, committed 7616K, reserved 1048576K
}

Dll operation events (15 events):
Event: 0.035 Loaded shared library C:\Users\Mehrob\AppData\Local\Programs\Eclipse Adoptium\jdk-17.0.19.10-hotspot\bin\java.dll
Event: 0.048 Loaded shared library C:\Users\Mehrob\AppData\Local\Programs\Eclipse Adoptium\jdk-17.0.19.10-hotspot\bin\jsvml.dll
Event: 0.137 Loaded shared library C:\Users\Mehrob\AppData\Local\Programs\Eclipse Adoptium\jdk-17.0.19.10-hotspot\bin\zip.dll
Event: 0.140 Loaded shared library C:\Users\Mehrob\AppData\Local\Programs\Eclipse Adoptium\jdk-17.0.19.10-hotspot\bin\instrument.dll
Event: 0.175 Loaded shared library C:\Users\Mehrob\AppData\Local\Programs\Eclipse Adoptium\jdk-17.0.19.10-hotspot\bin\net.dll
Event: 0.207 Loaded shared library C:\Users\Mehrob\AppData\Local\Programs\Eclipse Adoptium\jdk-17.0.19.10-hotspot\bin\nio.dll
Event: 0.209 Loaded shared library C:\Users\Mehrob\AppData\Local\Programs\Eclipse Adoptium\jdk-17.0.19.10-hotspot\bin\zip.dll
Event: 0.453 Loaded shared library C:\Users\Mehrob\AppData\Local\Programs\Eclipse Adoptium\jdk-17.0.19.10-hotspot\bin\jimage.dll
Event: 0.575 Loaded shared library C:\Users\Mehrob\AppData\Local\Programs\Eclipse Adoptium\jdk-17.0.19.10-hotspot\bin\verify.dll
Event: 0.661 Loaded shared library C:\Users\Mehrob\.gradle\native\1def1411415f61bf3af743bc5b6707747c0891f09f0c88961ee8f79bc544acac\windows-amd64\native-platform.dll
Event: 0.692 Loaded shared library C:\Users\Mehrob\.gradle\native\0.2.7\x86_64-windows-gnu\gradle-fileevents.dll
Event: 2.615 Loaded shared library C:\Users\Mehrob\AppData\Local\Programs\Eclipse Adoptium\jdk-17.0.19.10-hotspot\bin\management.dll
Event: 2.647 Loaded shared library C:\Users\Mehrob\AppData\Local\Programs\Eclipse Adoptium\jdk-17.0.19.10-hotspot\bin\management_ext.dll
Event: 2.883 Loaded shared library C:\Users\Mehrob\AppData\Local\Programs\Eclipse Adoptium\jdk-17.0.19.10-hotspot\bin\extnet.dll
Event: 3.158 Loaded shared library C:\Users\Mehrob\AppData\Local\Programs\Eclipse Adoptium\jdk-17.0.19.10-hotspot\bin\sunmscapi.dll

Deoptimization events (20 events):
Event: 4516.931 Thread 0x000001c39e363a70 DEOPT PACKING pc=0x000001c3470a6ca0 sp=0x0000003df92ff620
Event: 4516.931 Thread 0x000001c39e363a70 DEOPT UNPACKING pc=0x000001c346757143 sp=0x0000003df92fe9a0 mode 1
Event: 4516.931 Thread 0x000001c39e363a70 Uncommon trap: trap_request=0xffffff45 fr.pc=0x000001c3470a9920 relative=0x00000000000003a0
Event: 4516.931 Thread 0x000001c39e363a70 Uncommon trap: reason=unstable_if action=reinterpret pc=0x000001c3470a9920 method=java.util.concurrent.FutureTask.runAndReset()Z @ 112 c2
Event: 4516.931 Thread 0x000001c39e363a70 DEOPT PACKING pc=0x000001c3470a9920 sp=0x0000003df92ff6c0
Event: 4516.931 Thread 0x000001c39e363a70 DEOPT UNPACKING pc=0x000001c3467569a3 sp=0x0000003df92ff608 mode 2
Event: 4559.476 Thread 0x000001c39fa03040 DEOPT PACKING pc=0x000001c3470a6ca0 sp=0x0000003df9bfef20
Event: 4559.476 Thread 0x000001c39fa03040 DEOPT UNPACKING pc=0x000001c346757143 sp=0x0000003df9bfe2a0 mode 1
Event: 4564.546 Thread 0x000001c39fa03040 Uncommon trap: trap_request=0xffffff45 fr.pc=0x000001c3470a9920 relative=0x00000000000003a0
Event: 4564.547 Thread 0x000001c39fa03040 Uncommon trap: reason=unstable_if action=reinterpret pc=0x000001c3470a9920 method=java.util.concurrent.FutureTask.runAndReset()Z @ 112 c2
Event: 4569.679 Thread 0x000001c39fa03040 DEOPT PACKING pc=0x000001c3470a9920 sp=0x0000003df9bfefc0
Event: 4569.679 Thread 0x000001c39fa03040 DEOPT UNPACKING pc=0x000001c3467569a3 sp=0x0000003df9bfef08 mode 2
Event: 4733.419 Thread 0x000001c39f964ee0 DEOPT PACKING pc=0x000001c347069cec sp=0x0000003df9ffd050
Event: 4733.419 Thread 0x000001c39f964ee0 DEOPT UNPACKING pc=0x000001c346757143 sp=0x0000003df9ffc4f8 mode 1
Event: 4743.725 Thread 0x000001c39f964ee0 DEOPT PACKING pc=0x000001c347069cec sp=0x0000003df9ffd250
Event: 4743.725 Thread 0x000001c39f964ee0 DEOPT UNPACKING pc=0x000001c346757143 sp=0x0000003df9ffc6f8 mode 1
Event: 4815.208 Thread 0x000001c39f964ee0 DEOPT PACKING pc=0x000001c346d7bc4c sp=0x0000003df9ffdd50
Event: 4815.208 Thread 0x000001c39f964ee0 DEOPT UNPACKING pc=0x000001c346757143 sp=0x0000003df9ffd1d8 mode 1
Event: 4825.494 Thread 0x000001c39f964ee0 DEOPT PACKING pc=0x000001c347069cec sp=0x0000003df9ffdd30
Event: 4825.494 Thread 0x000001c39f964ee0 DEOPT UNPACKING pc=0x000001c346757143 sp=0x0000003df9ffd1d8 mode 1

Classes loaded (20 events):
Event: 10.675 Loading class java/lang/ProcessImpl
Event: 10.676 Loading class java/lang/ProcessImpl done
Event: 10.685 Loading class java/lang/ProcessHandleImpl
Event: 10.685 Loading class java/lang/ProcessHandleImpl done
Event: 10.686 Loading class java/lang/ProcessImpl$2
Event: 10.686 Loading class java/lang/ProcessImpl$2 done
Event: 10.686 Loading class java/lang/Process$PipeInputStream
Event: 10.687 Loading class java/lang/Process$PipeInputStream done
Event: 10.687 Loading class jdk/internal/event/ProcessStartEvent
Event: 10.687 Loading class jdk/internal/event/ProcessStartEvent done
Event: 13.090 Loading class java/util/concurrent/LinkedBlockingDeque$Itr
Event: 13.187 Loading class java/util/concurrent/LinkedBlockingDeque$AbstractItr
Event: 13.187 Loading class java/util/concurrent/LinkedBlockingDeque$AbstractItr done
Event: 13.187 Loading class java/util/concurrent/LinkedBlockingDeque$Itr done
Event: 19.984 Loading class jdk/internal/access/foreign/MemorySegmentProxy
Event: 19.984 Loading class jdk/internal/access/foreign/MemorySegmentProxy done
Event: 25.871 Loading class jdk/internal/misc/ScopedMemoryAccess$Scope$Handle
Event: 25.871 Loading class jdk/internal/misc/ScopedMemoryAccess$Scope$Handle done
Event: 39.825 Loading class java/time/Instant$1
Event: 39.825 Loading class java/time/Instant$1 done

Classes unloaded (20 events):
Event: 2276.435 Thread 0x000001c3584c9060 Unloading class 0x000001c35a1e2800 'java/lang/invoke/LambdaForm$MH+0x000001c35a1e2800'
Event: 2276.435 Thread 0x000001c3584c9060 Unloading class 0x000001c35a1e2400 'java/lang/invoke/LambdaForm$MH+0x000001c35a1e2400'
Event: 2276.435 Thread 0x000001c3584c9060 Unloading class 0x000001c35a1e2000 'java/lang/invoke/LambdaForm$MH+0x000001c35a1e2000'
Event: 2276.435 Thread 0x000001c3584c9060 Unloading class 0x000001c35a1e1c00 'java/lang/invoke/LambdaForm$MH+0x000001c35a1e1c00'
Event: 2276.435 Thread 0x000001c3584c9060 Unloading class 0x000001c35a1e1800 'java/lang/invoke/LambdaForm$MH+0x000001c35a1e1800'
Event: 2276.435 Thread 0x000001c3584c9060 Unloading class 0x000001c35a1e0800 'java/lang/invoke/LambdaForm$MH+0x000001c35a1e0800'
Event: 2276.435 Thread 0x000001c3584c9060 Unloading class 0x000001c35a1e0400 'java/lang/invoke/LambdaForm$BMH+0x000001c35a1e0400'
Event: 2276.435 Thread 0x000001c3584c9060 Unloading class 0x000001c35a10c800 'java/lang/invoke/LambdaForm$DMH+0x000001c35a10c800'
Event: 2276.435 Thread 0x000001c3584c9060 Unloading class 0x000001c35a10c000 'java/lang/invoke/LambdaForm$DMH+0x000001c35a10c000'
Event: 2276.435 Thread 0x000001c3584c9060 Unloading class 0x000001c35a0e2000 'java/lang/invoke/LambdaForm$MH+0x000001c35a0e2000'
Event: 2276.435 Thread 0x000001c3584c9060 Unloading class 0x000001c35a0e1800 'java/lang/invoke/LambdaForm$MH+0x000001c35a0e1800'
Event: 2276.435 Thread 0x000001c3584c9060 Unloading class 0x000001c35a0e1400 'java/lang/invoke/LambdaForm$MH+0x000001c35a0e1400'
Event: 2276.435 Thread 0x000001c3584c9060 Unloading class 0x000001c35a0e1000 'java/lang/invoke/LambdaForm$MH+0x000001c35a0e1000'
Event: 2276.435 Thread 0x000001c3584c9060 Unloading class 0x000001c35a0e0c00 'java/lang/invoke/LambdaForm$MH+0x000001c35a0e0c00'
Event: 2276.435 Thread 0x000001c3584c9060 Unloading class 0x000001c35a0e0400 'java/lang/invoke/LambdaForm$MH+0x000001c35a0e0400'
Event: 2276.435 Thread 0x000001c3584c9060 Unloading class 0x000001c35a03c400 'java/lang/invoke/LambdaForm$DMH+0x000001c35a03c400'
Event: 2276.435 Thread 0x000001c3584c9060 Unloading class 0x000001c35a036800 'java/lang/invoke/LambdaForm$MH+0x000001c35a036800'
Event: 2276.435 Thread 0x000001c3584c9060 Unloading class 0x000001c35a036400 'java/lang/invoke/LambdaForm$MH+0x000001c35a036400'
Event: 2276.435 Thread 0x000001c3584c9060 Unloading class 0x000001c35a035c00 'java/lang/invoke/LambdaForm$MH+0x000001c35a035c00'
Event: 2276.435 Thread 0x000001c3584c9060 Unloading class 0x000001c35a034000 'java/lang/invoke/LambdaForm$MH+0x000001c35a034000'

Classes redefined (0 events):
No events

Internal exceptions (20 events):
Event: 4794.733 Thread 0x000001c39f964ee0 Exception <a 'java/lang/OutOfMemoryError'{0x000000074065a4a8}> (0x000000074065a4a8) 
thrown [s\src\hotspot\share\gc\shared\memAllocator.cpp, line 134]
Event: 4805.041 Thread 0x000001c39f964ee0 Exception <a 'java/lang/OutOfMemoryError'{0x000000074065a4a8}> (0x000000074065a4a8) 
thrown [s\src\hotspot\share\gc\shared\memAllocator.cpp, line 134]
Event: 4815.208 Thread 0x000001c39f964ee0 Exception <a 'java/lang/OutOfMemoryError'{0x000000074065a4a8}> (0x000000074065a4a8) 
thrown [s\src\hotspot\share\gc\shared\memAllocator.cpp, line 134]
Event: 4825.494 Thread 0x000001c39f964ee0 Exception <a 'java/lang/OutOfMemoryError'{0x000000074065a4a8}> (0x000000074065a4a8) 
thrown [s\src\hotspot\share\gc\shared\memAllocator.cpp, line 134]
Event: 4835.737 Thread 0x000001c39f964ee0 Exception <a 'java/lang/OutOfMemoryError'{0x000000074065a4a8}> (0x000000074065a4a8) 
thrown [s\src\hotspot\share\gc\shared\memAllocator.cpp, line 134]
Event: 4845.935 Thread 0x000001c39f964ee0 Exception <a 'java/lang/OutOfMemoryError'{0x000000074065a4a8}> (0x000000074065a4a8) 
thrown [s\src\hotspot\share\gc\shared\memAllocator.cpp, line 134]
Event: 4856.243 Thread 0x000001c39f964ee0 Exception <a 'java/lang/OutOfMemoryError'{0x000000074065a4a8}> (0x000000074065a4a8) 
thrown [s\src\hotspot\share\gc\shared\memAllocator.cpp, line 134]
Event: 4866.469 Thread 0x000001c39f964ee0 Exception <a 'java/lang/OutOfMemoryError'{0x000000074065a4a8}> (0x000000074065a4a8) 
thrown [s\src\hotspot\share\gc\shared\memAllocator.cpp, line 134]
Event: 4876.628 Thread 0x000001c39f964ee0 Exception <a 'java/lang/OutOfMemoryError'{0x000000074065a4a8}> (0x000000074065a4a8) 
thrown [s\src\hotspot\share\gc\shared\memAllocator.cpp, line 134]
Event: 4886.815 Thread 0x000001c39f964ee0 Exception <a 'java/lang/OutOfMemoryError'{0x000000074065a4a8}> (0x000000074065a4a8) 
thrown [s\src\hotspot\share\gc\shared\memAllocator.cpp, line 134]
Event: 4896.931 Thread 0x000001c39f964ee0 Exception <a 'java/lang/OutOfMemoryError'{0x000000074065a4a8}> (0x000000074065a4a8) 
thrown [s\src\hotspot\share\gc\shared\memAllocator.cpp, line 134]
Event: 4907.221 Thread 0x000001c39f964ee0 Exception <a 'java/lang/OutOfMemoryError'{0x000000074065a4a8}> (0x000000074065a4a8) 
thrown [s\src\hotspot\share\gc\shared\memAllocator.cpp, line 134]
Event: 4917.473 Thread 0x000001c39f964ee0 Exception <a 'java/lang/OutOfMemoryError'{0x000000074065a4a8}> (0x000000074065a4a8) 
thrown [s\src\hotspot\share\gc\shared\memAllocator.cpp, line 134]
Event: 4927.623 Thread 0x000001c39f964ee0 Exception <a 'java/lang/OutOfMemoryError'{0x000000074065a4a8}> (0x000000074065a4a8) 
thrown [s\src\hotspot\share\gc\shared\memAllocator.cpp, line 134]
Event: 4937.906 Thread 0x000001c39f964ee0 Exception <a 'java/lang/OutOfMemoryError'{0x000000074065a4a8}> (0x000000074065a4a8) 
thrown [s\src\hotspot\share\gc\shared\memAllocator.cpp, line 134]
Event: 4948.036 Thread 0x000001c335e6c920 Exception <a 'java/lang/OutOfMemoryError'{0x000000074065a488}> (0x000000074065a488) 
thrown [s\src\hotspot\share\gc\shared\memAllocator.cpp, line 134]
Event: 4958.267 Thread 0x000001c39f964ee0 Exception <a 'java/lang/OutOfMemoryError'{0x000000074065a488}> (0x000000074065a488) 
thrown [s\src\hotspot\share\gc\shared\memAllocator.cpp, line 134]
Event: 4968.548 Thread 0x000001c335e6c920 Exception <a 'java/lang/OutOfMemoryError'{0x000000074065a488}> (0x000000074065a488) 
thrown [s\src\hotspot\share\gc\shared\memAllocator.cpp, line 134]
Event: 4978.985 Thread 0x000001c39f964ee0 Exception <a 'java/lang/OutOfMemoryError'{0x000000074065a488}> (0x000000074065a488) 
thrown [s\src\hotspot\share\gc\shared\memAllocator.cpp, line 134]
Event: 4989.245 Thread 0x000001c39e58add0 Exception <a 'java/lang/OutOfMemoryError'{0x000000074065a488}> (0x000000074065a488) 
thrown [s\src\hotspot\share\gc\shared\memAllocator.cpp, line 134]

VM Operations (20 events):
Event: 4948.036 Executing VM operation: G1CollectForAllocation done
Event: 4948.036 Executing VM operation: G1CollectForAllocation
Event: 4953.148 Executing VM operation: G1CollectForAllocation done
Event: 4953.148 Executing VM operation: G1CollectForAllocation
Event: 4958.267 Executing VM operation: G1CollectForAllocation done
Event: 4958.267 Executing VM operation: G1CollectForAllocation
Event: 4963.364 Executing VM operation: G1CollectForAllocation done
Event: 4963.364 Executing VM operation: G1CollectForAllocation
Event: 4968.548 Executing VM operation: G1CollectForAllocation done
Event: 4968.548 Executing VM operation: G1CollectForAllocation
Event: 4973.833 Executing VM operation: G1CollectForAllocation done
Event: 4973.833 Executing VM operation: G1CollectForAllocation
Event: 4978.985 Executing VM operation: G1CollectForAllocation done
Event: 4978.985 Executing VM operation: G1CollectForAllocation
Event: 4984.083 Executing VM operation: G1CollectForAllocation done
Event: 4984.083 Executing VM operation: G1CollectForAllocation
Event: 4989.245 Executing VM operation: G1CollectForAllocation done
Event: 4989.245 Executing VM operation: G1CollectForAllocation
Event: 4994.405 Executing VM operation: G1CollectForAllocation done
Event: 4994.405 Executing VM operation: G1CollectForAllocation

Memory protections (0 events):
No events

Nmethod flushes (20 events):
Event: 8.438 Thread 0x000001c3584ef1a0 flushing  nmethod 0x000001c33f9f6510
Event: 8.438 Thread 0x000001c3584ef1a0 flushing  nmethod 0x000001c33f9f6d10
Event: 8.438 Thread 0x000001c3584ef1a0 flushing  nmethod 0x000001c33f9f7510
Event: 8.438 Thread 0x000001c3584ef1a0 flushing  nmethod 0x000001c33f9fba90
Event: 8.438 Thread 0x000001c3584ef1a0 flushing  nmethod 0x000001c33f9fc790
Event: 8.438 Thread 0x000001c3584ef1a0 flushing  nmethod 0x000001c33f9fcd10
Event: 8.438 Thread 0x000001c3584ef1a0 flushing  nmethod 0x000001c33f9fd510
Event: 8.438 Thread 0x000001c3584ef1a0 flushing  nmethod 0x000001c33f9ff290
Event: 8.438 Thread 0x000001c3584ef1a0 flushing  nmethod 0x000001c33fa0fb90
Event: 8.438 Thread 0x000001c3584ef1a0 flushing  nmethod 0x000001c33fa27b90
Event: 8.438 Thread 0x000001c3584ef1a0 flushing  nmethod 0x000001c33fa28710
Event: 8.438 Thread 0x000001c3584ef1a0 flushing  nmethod 0x000001c33fa29510
Event: 8.438 Thread 0x000001c3584ef1a0 flushing  nmethod 0x000001c33fa29d10
Event: 8.438 Thread 0x000001c3584ef1a0 flushing  nmethod 0x000001c33fa2ae90
Event: 8.438 Thread 0x000001c3584ef1a0 flushing  nmethod 0x000001c33fa2ef10
Event: 8.438 Thread 0x000001c3584ef1a0 flushing  nmethod 0x000001c33fa4ac10
Event: 25.842 Thread 0x000001c3584ef1a0 flushing  nmethod 0x000001c346f08610
Event: 25.843 Thread 0x000001c3584ef1a0 flushing  nmethod 0x000001c33f249290
Event: 25.846 Thread 0x000001c3584ef1a0 flushing  nmethod 0x000001c33f6b6490
Event: 25.847 Thread 0x000001c3584ef1a0 flushing  nmethod 0x000001c33f89e610

Events (20 events):
Event: 9.819 Thread 0x000001c3a0c9e5e0 Thread added: 0x000001c3a0ca0440
Event: 9.819 Thread 0x000001c3a0c9e5e0 Thread added: 0x000001c3a0c9cc90
Event: 9.851 Thread 0x000001c3a0c9cc90 Thread added: 0x000001c3a0c9ae30
Event: 10.362 Thread 0x000001c39e748ad0 Thread exited: 0x000001c39e748ad0
Event: 10.437 Thread 0x000001c3584ec6a0 Thread added: 0x000001c39e748ad0
Event: 10.462 Thread 0x000001c3a0c9ff30 Thread added: 0x000001c3a0c9d1a0
Event: 10.463 Thread 0x000001c3a0c9ff30 Thread added: 0x000001c3a0c9c780
Event: 10.464 Thread 0x000001c3a0c9ff30 Thread added: 0x000001c3a0ca0950
Event: 10.465 Thread 0x000001c3a0c9ff30 Thread added: 0x000001c3a0ca0e60
Event: 10.478 Thread 0x000001c3a0c9ff30 Thread added: 0x000001c3a0ca1370
Event: 10.673 Thread 0x000001c3a0c9ff30 Thread added: 0x000001c3a0c99f00
Event: 10.687 Thread 0x000001c3a0c99f00 Thread added: 0x000001c3a0c9a410
Event: 10.688 Thread 0x000001c3a0c99f00 Thread added: 0x000001c3a20c9630
Event: 11.711 Thread 0x000001c39e748ad0 Thread exited: 0x000001c39e748ad0
Event: 4489.810 Thread 0x000001c3a20c9630 Thread exited: 0x000001c3a20c9630
Event: 4511.470 Thread 0x000001c39f9653f0 Thread exited: 0x000001c39f9653f0
Event: 4548.988 Thread 0x000001c39e363a70 Thread exited: 0x000001c39e363a70
Event: 4579.828 Thread 0x000001c39f965e10 Thread exited: 0x000001c39f965e10
Event: 4641.165 Thread 0x000001c3a0c9a920 Thread exited: 0x000001c3a0c9a920
Event: 4702.723 Thread 0x000001c39fa03040 Thread exited: 0x000001c39fa03040


Dynamic libraries:
0x00007ff782190000 - 0x00007ff78219e000 	C:\Users\Mehrob\AppData\Local\Programs\Eclipse Adoptium\jdk-17.0.19.10-hotspot\bin\java.exe
0x00007ffb3edd0000 - 0x00007ffb3efc8000 	C:\Windows\SYSTEM32\ntdll.dll
0x00007ffb3ecd0000 - 0x00007ffb3ed8d000 	C:\Windows\System32\KERNEL32.DLL
0x00007ffb3c680000 - 0x00007ffb3c976000 	C:\Windows\System32\KERNELBASE.dll
0x00007ffb3ca10000 - 0x00007ffb3cb10000 	C:\Windows\System32\ucrtbase.dll
0x00007ffb09640000 - 0x00007ffb09658000 	C:\Users\Mehrob\AppData\Local\Programs\Eclipse Adoptium\jdk-17.0.19.10-hotspot\bin\jli.dll
0x00007ffb0a1c0000 - 0x00007ffb0a1de000 	C:\Users\Mehrob\AppData\Local\Programs\Eclipse Adoptium\jdk-17.0.19.10-hotspot\bin\VCRUNTIME140.dll
0x00007ffb3d250000 - 0x00007ffb3d3ee000 	C:\Windows\System32\USER32.dll
0x00007ffb2a790000 - 0x00007ffb2aa2a000 	C:\Windows\WinSxS\amd64_microsoft.windows.common-controls_6595b64144ccf1df_6.0.19041.3636_none_60b6a03d71f818d5\COMCTL32.dll
0x00007ffb3c620000 - 0x00007ffb3c642000 	C:\Windows\System32\win32u.dll
0x00007ffb3cf70000 - 0x00007ffb3d00e000 	C:\Windows\System32\msvcrt.dll
0x00007ffb3eca0000 - 0x00007ffb3eccc000 	C:\Windows\System32\GDI32.dll
0x00007ffb3c4b0000 - 0x00007ffb3c5ca000 	C:\Windows\System32\gdi32full.dll
0x00007ffb3cb80000 - 0x00007ffb3cc1d000 	C:\Windows\System32\msvcp_win.dll
0x00007ffb3dbb0000 - 0x00007ffb3dbe0000 	C:\Windows\System32\IMM32.DLL
0x00007ffb0bcb0000 - 0x00007ffb0bcbc000 	C:\Users\Mehrob\AppData\Local\Programs\Eclipse Adoptium\jdk-17.0.19.10-hotspot\bin\vcruntime140_1.dll
0x00007ffb094c0000 - 0x00007ffb0954d000 	C:\Users\Mehrob\AppData\Local\Programs\Eclipse Adoptium\jdk-17.0.19.10-hotspot\bin\msvcp140.dll
0x00007ffa92090000 - 0x00007ffa92cfc000 	C:\Users\Mehrob\AppData\Local\Programs\Eclipse Adoptium\jdk-17.0.19.10-hotspot\bin\server\jvm.dll
0x00007ffb3e660000 - 0x00007ffb3e70f000 	C:\Windows\System32\ADVAPI32.dll
0x00007ffb3ec00000 - 0x00007ffb3ec9c000 	C:\Windows\System32\sechost.dll
0x00007ffb3ea70000 - 0x00007ffb3eb96000 	C:\Windows\System32\RPCRT4.dll
0x00007ffb3dbe0000 - 0x00007ffb3dc4b000 	C:\Windows\System32\WS2_32.dll
0x00007ffb3b9c0000 - 0x00007ffb3ba0b000 	C:\Windows\SYSTEM32\POWRPROF.dll
0x00007ffb32640000 - 0x00007ffb32667000 	C:\Windows\SYSTEM32\WINMM.dll
0x00007ffb35290000 - 0x00007ffb3529a000 	C:\Windows\SYSTEM32\VERSION.dll
0x00007ffb3b890000 - 0x00007ffb3b8a2000 	C:\Windows\SYSTEM32\UMPDC.dll
0x00007ffb3a350000 - 0x00007ffb3a362000 	C:\Windows\SYSTEM32\kernel.appcore.dll
0x00007ffb0bc10000 - 0x00007ffb0bc1a000 	C:\Users\Mehrob\AppData\Local\Programs\Eclipse Adoptium\jdk-17.0.19.10-hotspot\bin\jimage.dll
0x00007ffb345d0000 - 0x00007ffb347b4000 	C:\Windows\SYSTEM32\DBGHELP.DLL
0x00007ffb26e60000 - 0x00007ffb26e94000 	C:\Windows\SYSTEM32\dbgcore.DLL
0x00007ffb3c980000 - 0x00007ffb3ca02000 	C:\Windows\System32\bcryptPrimitives.dll
0x00007ffb0a760000 - 0x00007ffb0a76e000 	C:\Users\Mehrob\AppData\Local\Programs\Eclipse Adoptium\jdk-17.0.19.10-hotspot\bin\instrument.dll
0x00007ffb09490000 - 0x00007ffb094b5000 	C:\Users\Mehrob\AppData\Local\Programs\Eclipse Adoptium\jdk-17.0.19.10-hotspot\bin\java.dll
0x00007ffadf830000 - 0x00007ffadf907000 	C:\Users\Mehrob\AppData\Local\Programs\Eclipse Adoptium\jdk-17.0.19.10-hotspot\bin\jsvml.dll
0x00007ffb3d3f0000 - 0x00007ffb3db35000 	C:\Windows\System32\SHELL32.dll
0x00007ffb3a550000 - 0x00007ffb3aceb000 	C:\Windows\SYSTEM32\windows.storage.dll
0x00007ffb3e710000 - 0x00007ffb3ea64000 	C:\Windows\System32\combase.dll
0x00007ffb3be10000 - 0x00007ffb3be3d000 	C:\Windows\SYSTEM32\Wldp.dll
0x00007ffb3ce30000 - 0x00007ffb3cedd000 	C:\Windows\System32\SHCORE.dll
0x00007ffb3e600000 - 0x00007ffb3e655000 	C:\Windows\System32\shlwapi.dll
0x00007ffb3c3e0000 - 0x00007ffb3c405000 	C:\Windows\SYSTEM32\profapi.dll
0x00007ffb09470000 - 0x00007ffb09488000 	C:\Users\Mehrob\AppData\Local\Programs\Eclipse Adoptium\jdk-17.0.19.10-hotspot\bin\zip.dll
0x00007ffb055b0000 - 0x00007ffb055ca000 	C:\Users\Mehrob\AppData\Local\Programs\Eclipse Adoptium\jdk-17.0.19.10-hotspot\bin\net.dll
0x00007ffb35650000 - 0x00007ffb3575a000 	C:\Windows\SYSTEM32\WINHTTP.dll
0x00007ffb3bbf0000 - 0x00007ffb3bc5a000 	C:\Windows\system32\mswsock.dll
0x00007ffb03f70000 - 0x00007ffb03f86000 	C:\Users\Mehrob\AppData\Local\Programs\Eclipse Adoptium\jdk-17.0.19.10-hotspot\bin\nio.dll
0x00007ffb0a250000 - 0x00007ffb0a260000 	C:\Users\Mehrob\AppData\Local\Programs\Eclipse Adoptium\jdk-17.0.19.10-hotspot\bin\verify.dll
0x00007ffb09b80000 - 0x00007ffb09ba7000 	C:\Users\Mehrob\.gradle\native\1def1411415f61bf3af743bc5b6707747c0891f09f0c88961ee8f79bc544acac\windows-amd64\native-platform.dll
0x00007ffae3760000 - 0x00007ffae37d8000 	C:\Users\Mehrob\.gradle\native\0.2.7\x86_64-windows-gnu\gradle-fileevents.dll
0x00007ffb09460000 - 0x00007ffb0946a000 	C:\Users\Mehrob\AppData\Local\Programs\Eclipse Adoptium\jdk-17.0.19.10-hotspot\bin\management.dll
0x00007ffb055a0000 - 0x00007ffb055ac000 	C:\Users\Mehrob\AppData\Local\Programs\Eclipse Adoptium\jdk-17.0.19.10-hotspot\bin\management_ext.dll
0x00007ffb3d170000 - 0x00007ffb3d178000 	C:\Windows\System32\PSAPI.DLL
0x00007ffb3b8b0000 - 0x00007ffb3b8eb000 	C:\Windows\SYSTEM32\IPHLPAPI.DLL
0x00007ffb3dba0000 - 0x00007ffb3dba8000 	C:\Windows\System32\NSI.dll
0x00007ffb364d0000 - 0x00007ffb364e7000 	C:\Windows\SYSTEM32\dhcpcsvc6.DLL
0x00007ffb363f0000 - 0x00007ffb3640d000 	C:\Windows\SYSTEM32\dhcpcsvc.DLL
0x00007ffb3b8f0000 - 0x00007ffb3b9ba000 	C:\Windows\SYSTEM32\DNSAPI.dll
0x00007ffb03f60000 - 0x00007ffb03f69000 	C:\Users\Mehrob\AppData\Local\Programs\Eclipse Adoptium\jdk-17.0.19.10-hotspot\bin\extnet.dll
0x00007ffb3be50000 - 0x00007ffb3be68000 	C:\Windows\SYSTEM32\CRYPTSP.dll
0x00007ffb3b4d0000 - 0x00007ffb3b504000 	C:\Windows\system32\rsaenh.dll
0x00007ffb3c650000 - 0x00007ffb3c677000 	C:\Windows\System32\bcrypt.dll
0x00007ffb3c3a0000 - 0x00007ffb3c3ce000 	C:\Windows\SYSTEM32\USERENV.dll
0x00007ffb3bd80000 - 0x00007ffb3bd8c000 	C:\Windows\SYSTEM32\CRYPTBASE.dll
0x00007ffb03f50000 - 0x00007ffb03f5e000 	C:\Users\Mehrob\AppData\Local\Programs\Eclipse Adoptium\jdk-17.0.19.10-hotspot\bin\sunmscapi.dll
0x00007ffb3cc20000 - 0x00007ffb3cd7d000 	C:\Windows\System32\CRYPT32.dll
0x00007ffb3bed0000 - 0x00007ffb3bef7000 	C:\Windows\SYSTEM32\ncrypt.dll
0x00007ffb3be90000 - 0x00007ffb3becb000 	C:\Windows\SYSTEM32\NTASN1.dll
0x00007ffb1c5a0000 - 0x00007ffb1c5a7000 	C:\Windows\system32\wshunix.dll

dbghelp: loaded successfully - version: 4.0.5 - missing functions: none
symbol engine: initialized successfully - sym options: 0x614 - pdb path: .;C:\Users\Mehrob\AppData\Local\Programs\Eclipse Adoptium\jdk-17.0.19.10-hotspot\bin;C:\Windows\SYSTEM32;C:\Windows\WinSxS\amd64_microsoft.windows.common-controls_6595b64144ccf1df_6.0.19041.3636_none_60b6a03d71f818d5;C:\Users\Mehrob\AppData\Local\Programs\Eclipse Adoptium\jdk-17.0.19.10-hotspot\bin\server;C:\Users\Mehrob\.gradle\native\1def1411415f61bf3af743bc5b6707747c0891f09f0c88961ee8f79bc544acac\windows-amd64;C:\Users\Mehrob\.gradle\native\0.2.7\x86_64-windows-gnu

VM Arguments:
jvm_args: --add-opens=java.base/java.lang=ALL-UNNAMED --add-opens=java.base/java.lang.invoke=ALL-UNNAMED --add-opens=java.base/java.util=ALL-UNNAMED --add-opens=java.prefs/java.util.prefs=ALL-UNNAMED --add-exports=jdk.compiler/com.sun.tools.javac.api=ALL-UNNAMED --add-exports=jdk.compiler/com.sun.tools.javac.util=ALL-UNNAMED --add-opens=java.base/java.util=ALL-UNNAMED --add-opens=java.prefs/java.util.prefs=ALL-UNNAMED --add-opens=java.base/java.nio.charset=ALL-UNNAMED --add-opens=java.base/java.net=ALL-UNNAMED --add-opens=java.base/java.util.concurrent.atomic=ALL-UNNAMED --add-opens=java.xml/javax.xml.namespace=ALL-UNNAMED -Xmx3072M -Dfile.encoding=UTF-8 -Duser.country=US -Duser.language=en -Duser.variant -javaagent:C:\Users\Mehrob\.gradle\wrapper\dists\gradle-8.14.3-bin\cv11ve7ro1n3o1j4so8xd9n66\gradle-8.14.3\lib\agents\gradle-instrumentation-agent-8.14.3.jar 
java_command: org.gradle.launcher.daemon.bootstrap.GradleDaemon 8.14.3
java_class_path (initial): C:\Users\Mehrob\.gradle\wrapper\dists\gradle-8.14.3-bin\cv11ve7ro1n3o1j4so8xd9n66\gradle-8.14.3\lib\gradle-daemon-main-8.14.3.jar
Launcher Type: SUN_STANDARD

[Global flags]
     intx CICompilerCount                          = 3                                         {product} {ergonomic}
     uint ConcGCThreads                            = 2                                         {product} {ergonomic}
     uint G1ConcRefinementThreads                  = 6                                         {product} {ergonomic}
   size_t G1HeapRegionSize                         = 2097152                                   {product} {ergonomic}
    uintx GCDrainStackTargetSize                   = 64                                        {product} {ergonomic}
   size_t InitialHeapSize                          = 268435456                                 {product} {ergonomic}
   size_t MarkStackSize                            = 4194304                                   {product} {ergonomic}
   size_t MaxHeapSize                              = 3221225472                                {product} {command line}
   size_t MaxNewSize                               = 1931476992                                {product} {ergonomic}
   size_t MinHeapDeltaBytes                        = 2097152                                   {product} {ergonomic}
   size_t MinHeapSize                              = 8388608                                   {product} {ergonomic}
    uintx NonNMethodCodeHeapSize                   = 5832780                                {pd product} {ergonomic}
    uintx NonProfiledCodeHeapSize                  = 122912730                              {pd product} {ergonomic}
    uintx ProfiledCodeHeapSize                     = 122912730                              {pd product} {ergonomic}
    uintx ReservedCodeCacheSize                    = 251658240                              {pd product} {ergonomic}
     bool SegmentedCodeCache                       = true                                      {product} {ergonomic}
   size_t SoftMaxHeapSize                          = 3221225472                             {manageable} {ergonomic}
     bool UseCompressedClassPointers               = true                           {product lp64_product} {ergonomic}
     bool UseCompressedOops                        = true                           {product lp64_product} {ergonomic}
     bool UseG1GC                                  = true                                      {product} {ergonomic}
     bool UseLargePagesIndividualAllocation        = false                                  {pd product} {ergonomic}

Logging:
Log output configuration:
 #0: stdout all=warning uptime,level,tags
 #1: stderr all=off uptime,level,tags

Environment Variables:
PATH=C:\Program Files (x86)\Common Files\Oracle\Java\javapath;C:\Windows\system32;C:\Windows;C:\Windows\System32\Wbem;C:\Windows\System32\WindowsPowerShell\v1.0\;C:\Windows\System32\OpenSSH\;C:\Program Files\Git\cmd;C:\Program Files (x86)\Common Files\Oracle\Java\javapath;C:\Windows\system32;C:\Windows;C:\Windows\System32\Wbem;C:\Windows\System32\WindowsPowerShell\v1.0\;C:\Windows\System32\OpenSSH\;C:\Program Files\Git\cmd;C:\Users\Mehrob\AppData\Local\Programs\Eclipse Adoptium\jdk-17.0.19.10-hotspot\bin;C:\Users\Mehrob\AppData\Local\Programs\Eclipse Adoptium\jdk-25.0.3.9-hotspot\bin;C:\Users\Mehrob\AppData\Local\Microsoft\WindowsApps;C:\Program Files\JetBrains\IntelliJ IDEA 2026.1.1\bin;C:\Users\Mehrob\AppData\Local\Programs\cursor\resources\app\bin;C:\Program Files (x86)\Steam\ext\bin
USERNAME=Mehrob
OS=Windows_NT
PROCESSOR_IDENTIFIER=Intel64 Family 6 Model 158 Stepping 10, GenuineIntel
TMP=C:\Users\Mehrob\AppData\Local\Temp
TEMP=C:\Users\Mehrob\AppData\Local\Temp



Periodic native trim disabled


---------------  S Y S T E M  ---------------

OS:
 Windows 10 , 64 bit Build 19041 (10.0.19041.3636)
OS uptime: 0 days 22:17 hours
Hyper-V role detected

CPU: total 6 (initial active 6) (6 cores per cpu, 1 threads per core) family 6 model 158 stepping 10 microcode 0xd6, cx8, cmov, fxsr, mmx, 3dnowpref, sse, sse2, sse3, ssse3, sse4.1, sse4.2, popcnt, lzcnt, tsc, tscinvbit, avx, avx2, aes, erms, clmul, bmi1, bmi2, adx, fma, vzeroupper, clflush, clflushopt, hv
Processor Information for all 6 processors :
  Max Mhz: 2904, Current Mhz: 2904, Mhz Limit: 2904

Memory: 4k page, system-wide physical 16326M (2439M free)
TotalPageFile size 30150M (AvailPageFile size 5901M)
current process WorkingSet (physical memory assigned to process): 3326M, peak: 3369M
current process commit charge ("private bytes"): 3442M, peak: 3455M

vm_info: OpenJDK 64-Bit Server VM (17.0.19+10) for windows-amd64 JRE (17.0.19+10), built on Apr 25 2026 08:04:44 by "admin" with MS VC++ 17.12 (VS2022)

END.
